DDB_ID,Mention_ID,Title,Place,Date_Text,Date_When,Date_NotBefore,Date_NotAfter,Year_Est,Bin25,Priceword_Hit,Quantities,Prices,Qty_Artaba,Price_Drachma,UnitPrice_Dr_per_Art,Raw_Block,Value_Block
p.hamb;1;117,1,Rechnungsaufstellung,Philadelphia (Arsinoites),Mitte III v.Chr.,,-0275,-0226,-250.0,-250,no,1 αρταβη,1 δραχμασ,1.0,1.0,1.0,"εἰς Καλαμίνην πυροῦ γ, ἀμπελουργοῖς η, ἀρχικηπουρῶι πυροῦ ι, ὡς Πιτοσίρι Ἰσινοει εἰς Παῶπι εἰςπι εἰσ ι. vestiges δραχμαὶ Ζωπυρίωνι διὰπαρὰ Πολυ κλείτου Β, Ψενίσι κηπουρῶι λι τιϛ, ἀρτάβαι ι ι γίνεται τάλαντα νβ. Φαρμοῦθι κζ τῆι χωλῆι δραχμαὶ Παχὼνς β Παῆτι ἀρ χικηπουρῶι Ὥρωι Παιήσιος ὥστει Παιήσι τε Στράτωνι φυλακιτι κον ἀρτάβη αφυλακίτῃφυλακίτι ἴσον τάλαντον. Ζωπυρίωνι ἀπὸ τῆς ἅλω βἁλωνείας β Ταῆτι ὑπὲρ ρο κλέουςἱερεῖἱρεῖ Ἡρακλέουσ δραχμὰς αβ β γίνεται τάλαντα θ","εἰς Καλαμίνην πυ ροῦ 3 , ἀμπε λο υργοῖς η , ἀρχικ η πουρ ῶ ι πυ ροῦ 10 , ὡς Π ιτοσίρι Ἰσινοει εἰ ς Π αῶπ ι εἰς π ι εἰ σ ι . vestiges δραχμαὶ Ζωπυρίωνι διὰ π α ρὰ Πολυ κλείτου 2000 , Ψ εν ίσι κη π ουρῶι λι 316 , ἀρ τάβαι 10 ι γ ίνεται τά λαντα 52 . Φαρμοῦθι 27 τῆι χωλῆι δραχμαὶ Παχὼνς 2 Παῆτι ἀρ χικηπουρῶι Ὥρωι Παιήσιος ὥσ τε ι Παιήσι 305 Σ τράτωνι φυ λ ακ ιτι κον ἀρτάβη 1 φυλακίτῃ φυ λ ακ ίτι ἴσον τά λαντον . Ζωπυρ ί ωνι ἀπὸ τῆς ἅλω 2 ἁλω ν εί α ς 2 Ταῆτι ὑ πὲρ ρο κλέους ἱερεῖ ἱρεῖ Ἡ ρα κλέουσ δραχμὰς 1 2 β γ ίνεται τά λαντα 9"
p.petr;3;91,1,Reports on Cultivation,Ptolemais Hormu (Arsinoites),257 - 237 v.Chr.,,-0257,-0237,-247.0,-250,no,500 αρταβασ,715 δραχμασ,500.0,715.0,1.43,παρὰ τοῦ παρὰ Πύθωνοςηνος τραπεζίτου ἀπὸ τῆς ἐν Πτολεμαίδι τραπέζης προσανειληφὼς ὥστε εἰς τὰ σπέρ ματα πυρῶν ἀρτάβας φ πρόδομα ὥστʼ ἔχειν δραχμὰς ψιε χαλκοῦ ἑξήκοντα πέντε ὁμολογεῖ Διονύσιος ἔχειν κατὰ τὸ σύμβολον τοῦτο χαλκοῦ ἑξήκοντα πέντε . ἔγραψε Μητρόδωρος,παρὰ τοῦ παρὰ Πύθ ω νος η νος τραπεζίτου ἀπὸ τῆς ἐν Πτολεμαί δι τραπέζης προσανειληφὼς ὥστε εἰς τὰ σπέρ ματα πυρῶν ἀρτάβας 500 πρόδομα ὥστʼ ἔχειν δραχμὰς 715 χ αλκοῦ ἑξήκοντα πέντε 65 ὁμολογεῖ Διονύσιος ἔχειν κ ατὰ τὸ σύμβολον τοῦτο χαλκοῦ ἑξήκοντα πέντ ε 65 . ἔγραψε Μητρόδω ρος
p.petr;3;53p,1,Correspondence,Arsinoites,244 - 243 v.Chr. (?),,-0244,-0243,-244.0,-250,no,146 αρταβασ,1086 δραχμασ,146.0,1086.0,7.438356164383562,ννει ΠαχῆςΛάχης ὁ γενό μενος ἀρχιερεὺςἀρχιγερεὺςαρχιιερευς ἐν τῶι δ ἔτει τοῦ Σοκονοβτύνιος ἐν τῶι δ ἔτει δέδωκεν ἡμῖν λόγον ἴδιον διʼ οὗ ἀνείεται ἐν τῶι ἔτει λοιπογραφεῖσθαι αὐτῶι πρὸς τὰς καρπείας ἃς ἡμᾶς κομίζεσθαι ἐκ τοῦ ἱεροῦ χαλκοῦ δραχμὰς Απϛ τετρώβολον καὶ πυρῶν ἀρτάβας ρμϛ 𐅷 καὶ μέλιτος ἵνιαλεπτοσίνια ζ 𐅵 καλῶς οὖν ποιήσεις συντάξας ἤδη πρᾶξαι τοὺς ἐγγύους αὐτοῦ καὶ ἡμῖν ἀποκαταστῆσαι,ννει Παχῆς Λ άχης ὁ γενό μ ενος ἀρχιερεὺς ἀρχιγερεὺς αρχιιερευς ἐν τῶι 4 ἔτει το ῦ Σοκονοβτύνιος ἐν τῶι 4 ἔτει δ έδωκεν ἡμῖν λόγ ον ἴ διον δ ιʼ οὗ ἀνείεται ἐν τ ῶι ἔτει λοιπογραφεῖσθαι αὐτῶι π ρὸς τὰς καρπείας ἃς ἡ μᾶς κομίζεσθαι ἐκ τοῦ ἱ εροῦ χ αλκοῦ δραχμὰς 1086 4 καὶ πυρῶν ἀρτάβας 146 2/3 καὶ μέλιτος ἵνια λεπτοσίνια 7 1/2 κα λῶς οὖν πο ιήσεις συ ντάξας ἤδη πρᾶξαι τοὺς ἐγγύους αὐτοῦ καὶ ἡμῖν ἀποκαταστῆσ α ι
sb;16;12373,1,Bodenpachtvertrag,Arsinoites,5. Aug. 158 v.Chr.,-0158-08-05,,,-158.0,-175,no,30 αρταβασ,400 δραχμασ,30.0,400.0,13.333333333333334,"βασιλευόντων Πτολεμαίου καὶ Κλεοπάτρας τῶν ἐκ Πτολεμαίου καὶ Κλεοπάτρας θεῶν Ἐπιφανῶν ἔτους τρίτου καὶ εἰκοστοῦ ἐφʼ ἱερέως Θεοκλέους τοῦ Διοκλέους Ἀλεξάνδρου καὶ θεῶν Σωτήρων καὶ θεῶν Ἀδελφῶν καὶ θεῶν Εὐεργετῶν καὶ θεῶν Φιλοπατόρων καὶ θεῶν Ἐπιφανῶν καὶ θεῶν Φιλομητόρων ἀθλοφόρου Βερενίκης Εὐεργέτιδος ονίας τῆς τῆς Διοκλέους κανηφόρου Ἀρσινόης Φιλαδέλφου Βερενίκης τῆς Πυθαγγέλου ἱερείας Ἀρσινόης Φιλοπάτορος Δημαρίου τῆς ΜητροφάνουςΜητροφάνου μηνὸς Αὐδναίου ὀγδόηι Ἐπεὶφ ὀγδόηι ἐν Ὀξυρύγχοις τοῦ Ἀρσινοίτου νομοῦ. ἐμίσθωσεν Ἀριστέας Ἀθηναῖος τῶν Εὐκράτους τοῦ Ἀλεξίωνος τῆς τρίτης ἱππαρχίας άρουρος Ἀγασίαι τος vestiges γημονεστα τῶν Βίωνος τῆς πέμπτης ἱππαρχίας ἀπὸ τῶν ὑπαρχουσῶν αὐτῶι ἐκ τοῦ ἑαυτοῦ κλήρου τοῦ ὄντος περὶ τὴν προγεγραμμένην κώμην ἀρουρῶν ἀρούρας δεκαδύο ὧν γείτονες νότου βορρᾶ Μνασέου παράδεισος καὶ μοδήμου ἑκατονταρουρικὸς κλῆρος ἀπηλιώτου Φι λιβὸς δήμου ἀνὰ μέσον. ἡ μίσθωσις ἥδε εἰς ἔτη δύο ἀπὸ τοῦ πέμπτου καὶ εἰκοστοῦ ἔτους ἐκφορίου τοῦ παντὸς κατὰ τὸ μὲν πέμπτον καὶ εἰκοστὸν ἔτος χαλκοῦ νομίσματος δραχμῶν τετρακοσίων , τὸ δὲ ἕκτον καὶ εἰκοστὸν ἔτος πυρῶν ἀρταβῶν τριάκοντα ἄνευ σπέρματος καὶ ἀκίνδυνον τὰ δύο ἔτη την νενως ἃς κατασπειράτω ἐν μὲν τῶι πέμπτον καὶ εἰκοστῶι ἔτει χόρτωι μαλακῶι, ἐν δὲ τῶι ἕκτωι καὶ εἰκοστῶι ἔτει ἀπέχει δὲ Ἀριστέας παρʼ Ἀγασίου παραχρῆμα τὸ ἐκφόριον τῶν δεκαδύο ἀρουρῶν πλήρης τάς τε τετρακοσίας δραχμὰς τοῦ χαλκοῦ καὶ τὰς τριάκοντα ἀρτάβας τῶν πυρῶν. ἐὰν δέ τι εἰς τὸ βασιλικὸν πραχθῆι Ἀγασίας ὑπὲρ τῆς μισθώσεως ταύτης, ἐπενέγκαντι σύμβολον ὁμόλογον ἀποδότω Ἀριστέας Ἀγασίαι παραχρῆμα· ἐὰν δὲ μὴ ἀποδῶι καθʼ ἃ γέγραπται, ἐξέστω Ἀγασίαι ἐάν τε βούληται πρᾶξαι αὐτόν, ἐάν τε αἱρῆται ἐπιγεωργεῖν τὸν κλῆρον τῶν αὐτῶν ἐκφορίων μετὰ ταῦτα τὰ δύο ἔτη. ἐὰν vestiges ταύτην τὴν συγγραφὴν vestiges","βασιλευόντων Πτολεμαίου καὶ Κλεοπάτρας τῶ ν ἐκ Π τολε μ αί ου καὶ Κλεοπάτρας θεῶν Ἐπιφανῶν ἔτους τρίτου καὶ εἰκοστοῦ ἐφʼ ἱερέως Θεοκλέους τοῦ Διοκλέους Ἀλε ξάνδρου καὶ θεῶν Σωτήρων καὶ θεῶν Ἀδελφῶν καὶ θεῶν Εὐεργετῶν καὶ θεῶν Φιλοπατόρων καὶ θεῶν Ἐπιφανῶν καὶ θεῶν Φιλομητόρων ἀθλοφόρου Βερενίκης Εὐεργέτιδος ονίας τῆς τῆς Διοκλέους κανηφόρου Ἀρσινόης Φιλαδέλφου Βερενίκης τῆς Πυθαγγ έλου ἱερείας Ἀρσινόης Φιλοπάτορος Δημαρίου τῆς Μητροφάνου ς Μητροφάνου μηνὸς Αὐδναίου ὀγδόηι Ἐπεὶφ ὀγδόηι ἐν Ὀξυρύγχοις τοῦ Ἀρσινοίτου νομοῦ. ἐμίσθωσεν Ἀριστέας Ἀθηναῖος τῶν Εὐκράτο υς τοῦ Ἀλεξίωνος τῆς τρίτης ἱππαρχίας άρουρος Ἀγασίαι τος vestiges γ ημονεστ α τῶν Βίωνος τῆς πέμπτης ἱππαρχίας ἀπὸ τῶν ὑπαρχουσῶν αὐτῶι ἐκ τοῦ ἑαυτοῦ κλήρου τοῦ ὄντος πε ρὶ τὴν προγεγραμμένην κώμην ἀρουρῶν ἀρούρας δεκαδύο 12 ὧν γείτονες νότου βορρᾶ Μνασέου παράδεισος κ αὶ μοδήμου ἑκατονταρουρικὸς κλῆρος ἀπηλιώτου Φι λιβὸς δήμου ἀνὰ μέσον. ἡ μίσθωσις ἥδε εἰς ἔτη δύο 2 ἀπὸ τοῦ πέμπτου καὶ εἰκοστοῦ ἔτους ἐκφορίου τοῦ παντὸς κατὰ τὸ μὲν πέμπτον καὶ εἰκοστὸν ἔτος χαλκοῦ νομίσματος δραχμῶν τετρακοσίω ν 400 , τὸ δὲ ἕκτον καὶ εἰκοστὸν ἔτος πυρῶν ἀρταβῶν τριάκοντα 30 ἄνευ σπέρματος καὶ ἀκίνδυνον τὰ δύο ἔτη την νε νως ἃς κατασπειράτω ἐν μὲν τῶι πέμπτον καὶ εἰκοστῶι ἔτει χόρτωι μαλακῶι, ἐ ν δὲ τῶι ἕκτωι καὶ εἰκοστῶι ἔτει ἀπέχει δὲ Ἀριστέας παρʼ Ἀγασίου παραχρῆμα τὸ ἐκφόριον τῶν δεκαδύο 12 ἀρουρῶν πλήρης τάς τε τετρακοσίας 400 δραχμὰς τοῦ χαλκοῦ καὶ τὰς τριάκοντα 30 ἀρτάβας τῶν πυρῶν. ἐὰν δέ τι εἰς τὸ βασιλικὸν πραχθῆι Ἀγασί ας ὑπὲρ τῆς μισθώσεως ταύτης, ἐπενέγκαντι σύμβολον ὁμόλογον ἀποδότω Ἀριστέας Ἀγασίαι παραχρῆμα· ἐὰν δὲ μὴ ἀποδῶι καθʼ ἃ γέγραπται, ἐξ έστω Ἀγασίαι ἐάν τε βούληται πρᾶξαι αὐτόν, ἐάν τε αἱρῆται ἐπιγεωργεῖν τὸν κλῆρον τῶν αὐτῶν ἐκφορίων με τὰ ταῦτα τὰ δύο 2 ἔτη. ἐὰν vestiges ταύτην τὴν σ υγγραφὴν vestiges"
p.polit.iud;;9,1,An die Archonten wegen eines Kauf- und Ammenvertrages,Herakleopolis,20. Juni 132 v.Chr.,-0132-06-20,,,-132.0,-150,yes,1 αρταβην,8 ταλαντα;78 δραχμασ;12 ταλαντα,1.0,78.0,78.0,"τοῖς τὸ λη ἔτος ἄρχουσι παρὰ Βερενίκης τῆς Ἀρχαγάθου Ἰουδαίας τῶν ἐξ Ἀφροδίτης πόλεως. τοῦ λζ ἔτους Φαμενὼθ Δημήτριος Φιλώτου Ἰουδαῖος τῶν καταγινο μένων ἐν Πειμπασβύτει προήκατό μοι ἐπιστολὴν ὅρκου πατρίου διομολογούμενος ἀποδώ σειν μοι τὴν συνκεχωρημένην τιμὴν ἧς ἐώνητο παιδίσκης Ῥώμης καὶ τοῦ ἐκ ταύτης τέκνου ἐν μηνὶ Παῦνι τοῦ αὐτοῦ ἔτους χαλκοῦ τάλαντα η , ἐὰν δὲ μὴ ἀποδῶι, ἀποτείσειν ἐν τῶι ἐχομένωι μηνὶ Ἐπεὶφ σὺν ἡμιολίαι καὶ εἰς τὸ βασιλικὸν ἐπίτιμον ἀργυρίου δραχμὰς οη ἄνευ πάσης κρίσεως καὶ καταστάσεως, δώσειν δὲ καὶ μισθὸν κατὰ μῆνα τροφῶι τοῦ μὲν ἱματισμοῦ χαλκοῦ Βφ ἕως ιε τοῦ Φαμενὼθ καὶ πυροῦ ἀρτάβας μέτρα δύο μηνῶν δ κατὰ μῆνα ἐλαίου κοτύλας β τοῦ μηνός, ἀπὸ δὲ τοῦ Παῦνι κατὰ μῆνα πυροῦ ἀρτάβην α, ἐλαίου κοτύλας β, ταῦτα δὲ καὶ ἄλλα τῆς ἐπιστολῆς περιεχούσης καὶ τοῦ Φιλώτου μηθέν μοι ἀποδεδωκότος μέχρι τοῦ νῦν, ἀλλὰ παραβεβηκότος τὸν πάτριον νόμον, διὸ ἠναγκασμένη ξενιτείας πεῖραν λαμβάνειν καὶ παρακεκομικυῖα πρὸς ὑμᾶς ἄλ λην τῶν ἐν Ἀφροδίτης πόλει Ἰουδαίων περὶ τούτου ἐπιστολὴν ἀξιῶ ἐὰν φαίνηται συντάξαι τῶι ὑπηρέτηιὑπηρέτει παραπέμψαι τὸν Δημήτριον καὶ ἀνα καλεσαμένους αὐτὸν ἐπαναγκάσαι παραχρῆμα ἀποδοῦναι καὶ ἀποτεῖσαι σὺν ἡμιολίαι τάλαντα ιβ καὶ τ Βφ καὶ τὸν πόρον καὶ τἆλλα ἀκολούθως τῶι ὅρκωι, περὶ δὲ τοῦ εἰς τὸ βασιλικὸν ἐπιτίμου κατὰ τοῦ παραβεβηκότος διαλαβεῖν μισοπονήρως. ἔτους λη Παχὼν κθ vestiges λπτντ ται αυτ καὶ ταύτης ες","τοῖς τὸ 38 ἔτος ἄρχουσι παρὰ Βερενίκης τῆς Ἀρχα γά θου Ἰουδαίας τῶν ἐξ Ἀ φ ρο δί της πό λε ω ς . τοῦ 37 ἔτους Φ αμε ν ὼ θ Δημήτρι ος Φιλώτου Ἰου δ αῖ ο ς τῶν καταγινο μένων ἐν Π ειμπασβύτει π ροήκατό μοι ἐπιστολὴν ὅρκου πατρίου διομολογούμενος ἀπο δώ σε ι ν μοι τὴν συνκεχωρημένην τι μὴν ἧς ἐώνητο παιδίσκης Ῥώ μης καὶ τοῦ ἐκ ταύτης τέκνου ἐν μηνὶ Παῦνι τοῦ αὐτοῦ ἔτους χα λκοῦ τάλαντα 8 80000 , ἐὰν δὲ μὴ ἀπ ο δ ῶι, ἀποτείσειν ἐν τῶι ἐ χο μ ένωι μ η νὶ Ἐπεὶφ σὺν ἡ μιολίαι καὶ εἰς τὸ βασιλικὸν ἐ πίτ ιμον ἀργ υρίου δραχμὰς 78 ἄνευ πάσης κ ρ ίσ εως καὶ καταστάσεως, δώσ ειν δὲ καὶ μισθὸν κα τ ὰ μ ῆν α τροφῶι τοῦ μὲν ἱ μα τισμοῦ χα λκοῦ 2500 ἕως 15 τοῦ Φ αμενὼ θ κ αὶ πυροῦ ἀρτάβας μ έτ ρα δύο 2 μ ην ῶν 4 κατὰ μῆνα ἐλαί ου κ ο τύ λας 2 τοῦ μηνός, ἀπὸ δὲ τ οῦ Πα ῦν ι κ ατὰ μ ῆνα πυροῦ ἀρτάβην 1 , ἐλαίου κοτ ύ λας 2 , τ α ῦ τ α δὲ καὶ ἄ λλ α τῆς ἐπι στ ολῆς π ε ριεχούσης καὶ τοῦ Φιλώτου μ η θέν μοι ἀποδε δ ωκότ ο ς μ έχρ ι τ ο ῦ νῦ ν, ἀλλὰ π α ρα βεβηκότος τ ὸν π άτ ριον νόμον, διὸ ἠ ναγκ ασ μ έ νη ξ εν ιτείας πεῖραν λ α μ βά νειν κ αὶ παρ ακε κο μικυῖα πρὸς ὑμᾶς ἄ λ λη ν τῶ ν ἐν Ἀφροδίτης πόλει Ἰουδαί ων π ερ ὶ το ύτ ου ἐπι στολὴ ν ἀξιῶ ἐ ὰν φ αίν η ται σ υντ άξαι τῶι ὑπηρέτηι ὑ πη ρέ τ ει π α ρα π έ μ ψ αι τὸν Δημήτρ ιον κ αὶ ἀνα κα λε σα μένου ς αὐ τὸν ἐπαναγκ ά σ α ι παραχρῆμα ἀπο δ οῦναι κα ὶ ἀποτεῖ σαι σ ὺν ἡμιολίαι τάλαντα 12 καὶ τ 2500 καὶ τ ὸ ν π όρο ν καὶ τἆλλα ἀκολού θω ς τῶι ὅρκωι, περὶ δὲ τ οῦ εἰς τὸ βα σ ιλικ ὸν ἐ π ιτίμου κα τὰ τοῦ παραβεβ ηκότος διαλ αβ εῖ ν μισο πο ν ήρως . ἔτους 38 Παχὼν 29 vestiges λ π τ ν τ ται α υ τ κα ὶ τα ύτης ε ς"
p.tebt;3.1;768,1,Family Letter,Tebtynis (Arsinoites),13. Jan. 115 v.Chr.,-0115-01-13,,,-115.0,-125,no,25 αρταβασ,500 δραχμ,25.0,500.0,20.0,"τοὺς πράσσοντας τὰς κοι νωνικάς, Ἀρτεμίδωρον δὲ τὸν θεοῖσιν ἐχθρὸνἐκθρὸν ἐκκεκρουκέναι ἀφʼ ὧν ἐμεμετρή κημενεμεμετρηκηεν τοῦ ἐσχάτου ἡμιαρταβίου εἰς κοι νωνικὰς πυρῶν ἀρτάβας εἴκοσιἴκοσι πέντε . καὶ οὐθὲν εἰς τὸ ἔσχατον ἡμιαρτάβιον ἡμῖν Πτολεμαῖος Ἁρψάλεις προσεδέξατο πλὴν ἢ ἀρτάβας κε διὰ τὸ μὴ εἰληφέναι σε σύμβολον, τὰ γὰρ πάντα ἐν παρέργωι τίθης. καὶ βουλομέ νων αὐτῶν κτήνηκτηνηι ἐνεχυράσαι οὐχ ὑ πεμείναμεν τὴν βίαν αὐτῶι δοῦναι μετὰ τὸ προσαγηοχέναι ἑαυτῶι ἱκανούς, καὶ οὐκ ἠβουλήθηἠβουληθηι ἐπισχεῖν μέχρι τοῦ ὑ γιαίνοντά σε παραγενηθῆναι. κατὰ τύχην δὲ Δημητρίου παραγενομένου εἰς τὴν κώ μην οὐδʼ οὕτως ἀνέλυσαν, ἀλλὰ πείθεται τὸ παραχρῆμα συνσχεθῆναι, ἐκπλέξαν τος δέ μου τὸ ὑποκείμενον ἀνέλυσαν εἰς ἄλλας κώμας. γίνωσκεγείνωσκε δὲ μὴ δεδωκέναι με τὴν βίαν μέχρι τοῦ σὲ παραγενέσθαι τὴν ταχίστην. περὶ δὲ τῶν κατὰ τὸν Ἡρακλεο πολείτην ἃ ἐνετείλατέ μοι τετέλεκα ἐγὼ καὶ Πτολεμαῖος. ἐπισκοποῦνται δέ σε οἱ ἐν οἴκωι πάντες καὶ ἡ ἀδελφήἀδελφηι σου καὶ Παραιβάτης καὶ Φιλέας καὶ Δημητρία ἡ νεωτέρα. περὶ δὲ τοῦ κλήρου ὑγιαίνει ἀπὸ τοῦ ὄμβρου. ἐπιμέλου δὲ καὶ σαυτοῦ ἵνʼ ὑγιαίνοντά σε τὴν ταχίστην ἀσπασώμεθα. ἔρρωσο. ἔτους β Χοίαχ κε. διοκυλιοναδιτεως δραχμ φ.","τοὺ ς πράσσοντας τὰς κοι νωνικάς, Ἀρτεμίδωρον δὲ τὸν θεοῖσιν ἐχ θρὸν ἐ κ θρὸν ἐκκεκρουκέναι ἀφʼ ὧν ἐμεμετρή κημ εν εμεμετρη κη εν τοῦ ἐσχάτου ἡμιαρταβίου εἰς κο ι νωνικὰς πυρῶν ἀρτάβας εἴκοσι ἴκοσι πέντε 25 . κα ὶ οὐθὲν ε ἰ ς τὸ ἔσχατον ἡμιαρτάβιον ἡμῖν Πτολεμ α ῖος Ἁρψάλεις προσεδέξατο πλὴ ν ἢ ἀρτάβας 25 διὰ τὸ μὴ εἰληφέναι σε σύμβολον, τὰ γὰρ πάντα ἐν παρέργωι τίθη ς . καὶ βουλομέ νων αὐτῶν κτήνη κτηνηι ἐνεχυράσαι οὐχ ὑ πεμείναμεν τὴν βίαν αὐτῶι δοῦναι μετὰ τὸ προσαγηοχέναι ἑαυτῶι ἱκανούς, καὶ οὐκ ἠβουλήθη ἠβουληθηι ἐπισχεῖν μέχρι το ῦ ὑ γιαίνοντά σε παραγενηθῆναι. κατὰ τύχ ην δὲ Δημητρίου παραγενομ έ νου εἰς τὴν κ ώ μην οὐδʼ οὕτως ἀνέλυσαν, ἀλλ ὰ πε ίθ ετ α ι τὸ παραχρῆμα συνσχεθῆναι, ἐκπλέ ξα ν τ ος δέ μου τὸ ὑποκείμενον ἀνέλυσαν εἰς ἄ λλας κώμας. γίνωσκε γείνωσκε δὲ μὴ δεδωκέναι με τ ὴ ν βί αν μέχρι τοῦ σὲ παραγενέσθαι τὴν ταχίστην. περὶ δὲ τῶν κατὰ τὸν Ἡρακλεο πολείτην ἃ ἐνετείλ ατέ μοι τετέλεκα ἐγ ὼ καὶ Πτολεμαῖος. ἐπισκοποῦνται δέ σε οἱ ἐν οἴκ ω ι πά ντες καὶ ἡ ἀδελφή ἀδελφηι σου καὶ Παραιβάτ ης καὶ Φι λέ α ς καὶ Δημ η τρία ἡ νεωτέρα. περὶ δὲ τ οῦ κλήρου ὑγιαίνε ι ἀπὸ τοῦ ὄμβρου. ἐπιμέλου δὲ καὶ σ αυτοῦ ἵνʼ ὑγιαίνοντά σε τὴν ταχίστην ἀσπασώμεθα. ἔρρωσο. ἔτους 2 Χοίαχ 25 . διοκ υλ ι ο ν αδι τ εως δραχμ 500 ."
p.tebt;5;1151,1,Account of income and expenditure,Kerkeosiris (Arsinoites),nach 24. März 112 v.Chr.,,-0112-03-24,,-112.0,-125,yes,1 αρταβησ,4 δραχμων;1 ταλαντου;1 ταλαντον,1.0,4.0,4.0,"αι ἕως λόγου υν, καὶ ἃς ἐκεχρήκει ὑπὲρ Ἡλιοδώρου Αν, γίνονται Αφ. ὄψου ν, μαχαίρης ὄψ οε, ἐξε ε, χλοίης ιε, κράμβης ι, κύθρας ι, θρύωνθροίων ε, ἐλαίου νε, βαλανεῖ ε, ἠπητῆι ι, τῇ γυναικὶ εἰς τιμὴν ἀργυρίου δραχμῶν δ τξ, vestiges συμβολῆς κωμογραμματείας ρ, κουρεῖ κ, vestiges λοπάδος λ, γίνονται Αφμε, λοιπαὶ χε. ὧν vestiges ἄρτου κε, πίνακος ε, γίνονται λ, λοιπαὶ φοε. vestiges ιγ. προσλαμβάνει τὰς λοιπογραφουμένας vestiges ἐν μαρσίππωι ἀπὸ ταλάντου α Α Β, γίνονται Βφοε. καὶ ἀπὸ ἀγγείου αὐτοῦ τάλαντον α Α, γίνονται τάλαντον α Γφοε, ὧν ἐν μαρσίππωι Ε, Ἑρμίᾳ Γψ Δφοε. ὧν Ἀκουσιλάωι ὑπὲρ κωμογραμματείας εἰς τιμὴν ἐνιαυτοῦ πυροῦ ἀρτάβης α Α φ, ἄρτου κ, τῆι γυναικὶ εἰς τιμὴν ἀργυρίου δραχμῶν δ τπ, τοῖς παρὰ Μαρρείους τοπογραμματέως κατὰ φύλλον φ, Ἁρφαήσει μαχίμωι ὁμοίως τιμῆς χαρτῶν εἰς συμ πλήρωσιν τῶν διαγεγραμμαμένων τῶι χαρτοποιῶι Γω ἄλλας Βσ ὥστʼ ἔχειν αὐτὸν τάλαντον α Βσ, γίνονται Γψ, ὁμοίως τῆι αὐτῆι γυναικὶ ὥστʼ ἔχειν αὐτὴν , συμβολῆς κωμογραμματείας χ ἐλαίου νε, δεδανεισμέναι γίνονται Βψ, λοιπαὶ Α παρὰ","αι ἕως λόγου 450 , καὶ ἃς ἐκεχρή κει ὑπ ὲρ Ἡλιοδώ ρου 1050 , γίνονται 1500 . ὄψου ν, μαχαίρης ὄψ 75 , ἐ ξ ε 5 , χλοίης 10 ε , κράμβη ς 10 , κύθρας 10 , θρύων θροίων 5 , ἐλ αίου 55 , βα λανεῖ 5 , ἠ πη τῆι 10 , τῇ γυ ναικὶ εἰς τι μὴν ἀργυ ρίου δραχμῶν 4 360 , vestiges συ μ β ολῆ ς κω μο γρ αμματείας 100 , κουρεῖ 20 , vestiges λοπάδ ο ς 30 , γίνονται 1545 , λο ιπαὶ 605 . ὧν vestiges ἄρτου 25 , πίνα κος 5 , γίνονται 30 , λο ιπαὶ 575 . vestiges 13 . προσλαμβάνει τὰς λο ι πογρ αφουμένας vestiges ἐν μαρσί ππωι ἀπὸ ταλάντου 1 1000 2000 , γίνονται 2575 . καὶ ἀπὸ ἀγγεί ου αὐ τοῦ τάλαντον 1 1000 , γίνονται τάλαντον 1 3575 , ὧν ἐν μαρσί ππωι 5000 , Ἑρμίᾳ 3700 4575 . ὧν Ἀκουσιλάωι ὑπ ὲρ κω μο γρ αμματείας ε ἰς τι μὴν ἐνιαυ τοῦ πυροῦ ἀρτάβης 1 1000 500 , ἄρτου 20 , τῆι γυ ναικὶ εἰς τι μὴν ἀργυ ρίου δραχμῶν 4 380 , τοῖς παρὰ Μαρρείους τοπογρ αμματέως κατὰ φύ λλον 500 , Ἁρφαήσει μαχί μωι ὁμοίως τι μῆς χαρτῶν εἰς συ μ πλήρωσι ν τῶν διαγεγρ αμμαμένων τῶι χαρτ ο πο ιῶι 3800 ἄλ λ ας 2200 ὥστʼ ἔχειν αὐ τὸν τάλαντον 1 2200 , γίνονται 3700 , ὁμοίως τῆ ι αὐ τῆι γυ ναικὶ ὥστʼ ἔχει ν αὐ τὴν , συμβολῆ ς κω μο γρ αμματείας 600 ἐλαίου 55 , δεδ α νεισμέναι γίνονται 2700 , λο ιπαὶ 1000 παρὰ"
p.dion;;16,2,Prêt de blé,Akoris (Hermopolites),15. Febr. 109 v.Chr.,-0109-02-15,,,-109.0,-125,no,250 αρταβων,3000 δραχμαι,250.0,3000.0,12.0,ἔτους η Τῦβι κθ· δάνειον Διονυσίου πρὸς Διονύσιον καὶ Σαραπιάδα πυροῦ ἀρταβῶν σν· ἀποδότω Παῦνι τοῦ η ἔτους ὁ δανεισάμενος εἰς τὴν Ἀκώριος μέτρωι τῶι πρὸς τὸ χαλκοῦν· ἐπίτιμον τῆς ἀρτάβης χαλκοῦ δραχμαὶ Γ· συγγραφοφύλαξ· Πτολεμαῖος.,ἔτ ους 8 Τῦβι 29 · δά νειον Δι ονυσίου πρ ὸς Διονύσιον καὶ Σαραπιάδα πυροῦ ἀρταβῶν 250 · ἀποδ ότω Παῦνι τοῦ 8 ἔτους ὁ δα νεισάμενος εἰς τὴν Ἀκώριος μέτρωι τῶι πρ ὸς τὸ χα λκοῦν · ἐπίτιμο ν τῆς ἀρτάβης χα λκοῦ δραχμαὶ 3000 · συγγρα φο φύ λαξ · Πτολεμαῖος.
p.tebt;1;110,1,Loan of Wheat,Tebtynis (Arsinoites),6. März 92 v.Chr. (Jahr unsicher),-0092-03-06,,,-92.0,-100,yes,24.5 αρταβασ,60 δραχμασ,24.5,60.0,2.4489795918367347,"Πετεσοῦχος ὁ καὶ ΠετεῦριςΠετεῦριος Σελεβοῦτος Πέρσης τῆς ἐπιγονῆς Ἑρμίᾳ τῷ καὶ Ἐρ γῖ Πετεσοῦχου χαίρειν. ὁμολογῶ ἔχειν παρὰπερα σοῦ πυρῶν ἀρτάβας εἴκοσι τέσσαραςτέσσαρες ἥμισυ σὺν ἡμιολίᾳ, ἃς καὶ ἀποδώσω σοι ἐνἐμ μ ηνὶ Παῦνι τοῦ δευτέρου καὶ εἰκοστοῦ ἔτους καθεσταμένας εἰς Κερκευσῖριν μέτρῳ δρόμου. ἂν δὲ μὴ ἀποδῶ σοι ἐκτίσω σοιι παραχρῆμα τιμὴν ἑκάστης ἀρτάβηας χαλκοῦ δραχμὰς τρισχιλίαςτρισκιλίας ἢ τὴν ἐσομένην πλείστηνπλις τιμὴν κ αὶ ἐπίτιμον ἀργυρίου ἐπισήμου δραχμὰς ἑξήκοντα καὶ τὸ βλάβος καὶ εἰς τὸ βασιλικὸν τ ὸ ἴσον. ἡ χεὶρ ἥδε κυρία ἔστω πανταχῆ ἐπιφερο μένη. ἔρρωσο. ἔτους κβ Μεχεὶρ κγ.","Πε τ εσοῦχος ὁ καὶ Πετεῦρις Πετεῦριος Σελεβοῦτος Πέρσης τῆς ἐπιγονῆς Ἑρμίᾳ τῷ καὶ Ἐρ γῖ Πετεσοῦχου χαίρειν. ὁμολογῶ ἔχειν παρὰ περα σοῦ πυρῶν ἀρτάβας 24 1/2 σὺν ἡμιολίᾳ, ἃς καὶ ἀποδώσω σοι ἐν ἐμ μ ην ὶ Παῦνι τοῦ δευτέρου καὶ εἰκοστοῦ ἔτους κα θ εσ τα μένας εἰς Κ ερκ ευσῖριν μέτρῳ δρόμου. ἂν δ ὲ μὴ ἀποδῶ σοι ἐκτίσω σοι ι παραχρῆμα τιμὴν ἑκάστης ἀρτάβη α ς χαλκοῦ δραχμὰς τρισχιλίας 3000 τρισκιλίας ἢ τὴν ἐσομένην πλείστην πλις τιμὴν κ αὶ ἐ πίτιμον ἀργυρίου ἐπισήμου δραχμὰς 60 καὶ τὸ βλάβος καὶ εἰς τὸ βασιλικὸν τ ὸ ἴσον. ἡ χεὶρ ἥδε κυρία ἔστω πανταχῆ ἐπιφερο μένη. ἔρρωσο. ἔτους 22 Μεχεὶρ 23 ."
o.stras;1;34,1,keiner,Oberägypten,I v.Chr. (?),,-0100,-0001,-50.0,-50,no,5 αρταβασ,50 δραχμασ,5.0,50.0,10.0,ἔτους ιε Παχὼν κγ τέτακται Ἑρέως Τεσενούφιος εἰς τὸ ιε ἔτος πυροῦ ἀρτάβας ε Θαύτης δραχμὰς ν γίνονται ν. Ἡλιόδωρος.,ἔτους 15 Παχὼν 23 τέ τακται Ἑρέ ως Τεσε νούφ ιος εἰς τὸ 15 ἔτος πυροῦ ἀρτάβας 5 Θαύτης δραχμὰς 50 γίνονται 50 . Ἡλιόδωρος.
o.stras;1;48,1,keiner,Theben,11 - 10 v.Chr.,,-0011,-0010,-10.0,-25,no,1 αρταβην,2 δραχμασ,1.0,2.0,2.0,διαγέγραφεν ἐπὶ τὴν Κεφάλου τράπεζαν Ἁρυώτης Πετεμενώφιος καθακ ἱερατικῶν τοῦ ιθ ἔτους τ πυροῦ ἀρτάβην α δ ἀνὰ δραχμὰς β τριώβολον ἄνευ προσδιαγραφομένων καὶ προσμετρουμένων. ἔτους κ Καίσαρος,διαγέγρα φεν ἐπὶ τὴν Κεφά λου τράπ εζαν Ἁρυώτης Πετεμενώ φιος καθακ ἱερατικ ῶν τοῦ 19 ἔτους τ πυροῦ ἀρτάβην 1 1/4 ἀν ὰ δραχμὰς 2 3 ἄνευ προ σδ ιαγραφομένων καὶ προσμε τρουμένων . ἔτους 20 Καίσα ρος
chiron;47;292,1,Petizione a Caius Turranius,Soknopaiu Nesos (Arsinoites),7 - 4 v.Chr.,,-0007,-0004,-6.0,-25,no,800 αρταβασ,1500 δραχμασ,800.0,1500.0,1.875,"Γαίωι Τυρρανίωι παρὰ Σαταβοῦτος τοῦ Πισόιτος καὶ τοῦ τούτου υἱοῦ Πισόιτος τῶν ἀπὸ κώμης Σοκνοπαίου Νήσου τῆς Ἡρακλείδου μερίδος τοῦ Ἀρσινοίτου νομοῦ δημοσίων γεωργῶν καὶ ἐκλημπτόρωνἐγλήμπτορός τινων ἱερατικῶν τῆς αὐτῆς κώμης ἐδαφῶν ων κατʼ ἔτος εἰς τὴν φορολογίαν Καίσαρος Αὐτοκράτορος θεοῦ Σεβαστοῦ ὑπὲρ ὧν ἔχομεν δημοσίων ἐδαφῶν εἰς λόγον πυροῦ ἀρτάβας ω καὶ εἰςαρ λόγον ἀργυρίου δραχμὰς Αφ καὶ τατου μηθὲν καταβλάπτοντες τῶν δημοσίων μηδʼ ὑποστελλόμενοι μητ ἕτοιμοι γεγονότες πρὸς τὸ μηδὲν τοῖς δημοσίοις ἔλαττον ἐπακολουθῆσαι ἀνέγκλητοι γεγονότες ἐπεφθονήθημεν ὑπὸ ἀνδρῶν ἀχρείων καὶ πάντα ἐπὶ τῶν ἑτέρων ἀδικίᾳ ἐπὶ τὰ πολλὰ βίαια συντελεῖσθαισυντελῖσθαι Ὤπιος πρεσβυτέρου καὶ Ὤπιος τῶν δύο Πετοσίρεως τῶν ἀπὸ κώμης ΝείλουΝίλου πόλεως, οἳ καὶ ετ διεληλυθότος ἔτους Καίσαρος ἐπιδεδωκέναι καθʼ ἡμῶν Κόρδωι τῶι γενομένωι τοῦ νομοῦ ἐπιστάτῃ τῶν φυλακιτῶν ὑπόμνημα ὡς περὶ ἀναιρέσεως τοῦ προγεγραμμένου αὐτῶν πατρὸς Πετοσίριος ενκαιουκο καταστησαμένων οὖν ἡμῶν πρὸς τὴν ἀπολογίαν Λεύκιον ῥήτορα καὶ ωνο α καὶ τῶν καθʼ ἡμᾶς δικαίων ῥηθέντωνῥεθέντων καὶ ἐπικαλεσαμένων ἡμῶν τὴν τοῦ θεοῦ Σεβαστοῦ Καίσαρος Αὐτοκράτορος τύχην καὶ τὴν σὴν ἐπιφάνειανἐπιφάνηαν ἀπεδείξαμενἀπεδίξαμεν τοὺς ἀντιδίκους τῆς ἀδίκου ἐπιβολῆς καὶ τῆς ἀγενήτου αἰτίας τουικων πσα των τὸ ὑπʼ αὐτῶν τεθὲν ὑπόμνημα ἀναιρέσεως ἐπιπεσὼν καὶ οὕτως ἐπελθὼν ἡμῖνἡμεῖν δε ὁ ἐκ τοῦ τετελευτηκότος νεώτερος υἱὸς ἑτερ οκριτπροθ","Γαίωι Τυρρανί ω ι παρὰ Σαταβοῦτος τοῦ Πισό ι τος καὶ τοῦ τούτου υἱο ῦ Π ισόιτος τῶν ἀπὸ κώμη ς Σοκν ο π α ίου Νήσου τῆς Ἡρακλείδου μερίδος τοῦ Ἀρσινοίτου νο μοῦ δημοσίων γεωργ ῶ ν καὶ ἐκλημπτόρων ἐγλήμπτορός τιν ω ν ἱερατικῶν τῆς αὐτ ῆς κώμης ἐδαφῶν ω ν κατʼ ἔτ ο ς εἰς τὴν φ ορολογίαν Καίσαρος Αὐτοκράτορος θεοῦ Σεβαστ ο ῦ ὑπὲρ ὧν ἔχομεν δημοσίω ν ἐδαφῶν εἰς λ ό γ ον πυροῦ ἀρτάβας 800 κα ὶ εἰς αρ λόγον ἀργυ ρίου δραχμὰς 1500 καὶ τ ατου μηθὲν κ αταβλάπτον τες τῶν δημοσίων μηδʼ ὑποστελλόμενο ι μη τ ἕτοι μ οι γεγονότες πρὸς τὸ μηδὲν τοῖς δ ημο σ ί οις ἔλαττον ἐπα κολ ουθῆσαι ἀνέγκλητο ι γ ε γονότες ἐπεφθ ονή θημεν ὑπὸ ἀνδρῶν ἀχρείων καὶ πά ν τ α ἐπὶ τῶ ν ἑτέρων ἀδικίᾳ ἐ πὶ τὰ πολλὰ βίαια συντελεῖσθαι συντελῖσθαι Ὤπιος πρεσβυτέρου καὶ Ὤπιος τ ῶν 2 Πετοσίρε ω ς τῶν ἀπὸ κώμης Νείλου Νίλου πόλεως, οἳ καὶ ε τ διεληλυ θ ότος ἔτους Καίσαρος ἐπιδεδ ω κ έναι καθʼ ἡμῶν Κόρ δ ωι τῶι γενομ έ νω ι τοῦ ν ομ οῦ ἐπιστ άτῃ τῶν φυλακιτῶν ὑπ όμ ν ημα ὡς περὶ ἀναιρέ σεω ς τοῦ προγεγραμμένου αὐτῶν π ατρὸς Πε το σίρι ο ς ε ν κ αιουκ ο κατα σ τη σ α μένων οὖ ν ἡμῶν πρὸς τὴν ἀπολογίαν Λεύ κι ον ῥήτορα καὶ ων ο α καὶ τῶν καθʼ ἡμᾶς δικαίων ῥηθέντων ῥεθέντων καὶ ἐπι κα λε σ α μένων ἡμῶ ν τ ὴν τ ο ῦ θεοῦ Σεβαστοῦ Καίσαρος Αὐτοκράτορος τύχην κ α ὶ τ ὴν σὴν ἐπιφάνειαν ἐπιφάνηαν ἀ π εδείξαμεν ἀ π εδίξαμεν τοὺς ἀντιδ ί κο υς τῆς ἀδί κ ου ἐπιβολῆς καὶ τ ῆ ς ἀγενήτου αἰτίας τ ου ικω ν π σα των τὸ ὑπʼ αὐτῶν τε θὲν ὑπόμνημα ἀναι ρέσεως ἐπιπ εσ ὼν καὶ ο ὕτω ς ἐ πελ θὼν ἡμῖν ἡ με ῖν δε ὁ ἐκ τοῦ τετε λ ευτηκότος νεώτερ ος υἱ ὸς ἑτερ ο κριτ προ θ"
chiron;47;297,1,keiner,"Soknopaiu Nesos (Arsinoites, Ägypten)",7 - 4 v.Chr.,,-0007,-0004,-6.0,-25,no,800 αρταβασ,1500 δραχμασ,800.0,1500.0,1.875,"Γαίωι Τυρρανίωι παρὰ Σαταβοῦτος τοῦ Πισόιτος καὶ τοῦ τούτου υἱοῦ Πισόιτος τῶν ἀπὸ τοῦ Ἀρσινοείτου δημοσίων γεωργῶν καὶ ἐγλημπτόρων τινῶν ἱερατικῶν ἐδαφῶν τελούντων ὑπὲρ ὧν ἔχο μεν δημοσίων ἐδαφῶν αἰεὶ κατʼ ἔτος εἰς λόγον πυροῦ ἀρτάβας ω καὶ ἀργυρίου δραχμὰς Αφ. καὶ ἐν τῆι καταβολῇ ἀνέγκλητοι μέχρι τοῦ νῦν γεγονότες, διὰ δὲ τὸ μηδὲν ὀφείλειν ἐπεφθονημένοι ὑπό τινων ἐκ τοῦ νομοῦ ἀδωσιδίκων καὶ αἰεὶ ἀποστατικώτερον φρονούντων των πρὸς τὴν ἡμῶν ἐπήρειαν ἱκανῶς ἀπηδικημένοι ἐπὶ τὴν ἐκ σοῦἐξοῦ δικαιοδοσίαν , βοηθείας ἵνα τύχωμεν. Ὦπις γὰρ καὶ Ὦπις ἀμφότεροι Πετοσείριος ικ ονοι ἐθάρσησαν ἐπιδόντες Κόρδῳ τῶι ἐπιστατήσαντι τῶν φυλακιτῶνφυλακειτῶν τας φάσκοντες τὸν πατέρα αὐτῶν ἐκ τοῦ ζῆν μεθεστακέναι πρὸς λο κατὰ φυλακὴν. καταστάντες δὲ καὶ ἀπολογησάμενοι ἐφάνημεν τῶι Κόρδωι ἀθῶιοι τῆς συκοφαντίας, ὥστε εἰ μὴ ἐξ ἧς ἐποιήσαντο ἡμῶν τε καὶ τοῦ Κόρδου πλείστης δεήσεως κατὰ τοὺς νόμους τῷ ζῆν αὐτοὺς κινδυνεῦσαι διὰ τὸ μὴ συνεστακέναι ο εν αν, ἔγραψαν δὲ τούτῳ συλλελύσθαισυνλελύσθαι. πρὶν ἢ δὲ τῆς εἱρκτῆς ἡμᾶς ἀπολυθῆναι τοῦ Κόρδου μετασταθέντος γενέσθαι ἀντʼ αὐτοῦ Βρείσωνα, ὃν καὶ καταστάσεως καινισμὸν παραλογιεῖσθαι ἕτεροι τούτων ἀδελφοὶ ηαι ἐπʼ αὐτὸν διʼ ἐνκλήματος περὶ τῶν αὐτῶν τῶν νόμων κωλυόντων δὶς περὶ τοῦ αὐτοῦ δικάζεσθαι. γενομένης δʼ ἡμῶν ἐπὶ τοῦ Βρείσωνος πάροντος καὶ Διοδώρου τῶν ἐν τῶι νομῶι γεγυμνασιαρχηκότων καὶ γενομένης ἱκανῆς τῶν ῥητόρων ἡμῶν ἁμίλλης οἱ δʼ οὐδʼ οὕτως συνέστησαν ἡμᾶς τοιοῦτό τι διαπεπραγμένους, ὧν χάριν αὐτοὶ παρὰ πάντα τὰ δίκαια ὄντες ἐν τῇ εἱρκτῇ, διὰ δὲ τοῦτο τῶν γεωργίων ἀφανιζομένων ας ν προεῖδον ἀλόγευτον καθεστάναι τῆς τε συναγωγῆς ου καιροῦ ἀξιοῦμεν γράψαι τῷ τοῦ νομοῦ στρατηγῷ ἐκλυσαμένῳἐκλυσάμενον ἡμᾶς τῆς συνοχῆς καὶ ἐπιγνόντιἐπιγνόντα ἀκριβῶςἀκρειβῶς ἑκάστα, ἐὰν καὶ αὐτῷ κατὰ τὸ ος καὶ τοῖς ασι φανῶμεν ἀπολῦσαι, ὅπως γενομένων ἡμῶν περὶ τὴν τῶν ἐδαφῶν γεωργίαν μηδὲν τοῖς δημοσίοις ἔλαττον ἐπακολουθήσῃ, διαλάβη δὲ πονηρὸν περιπεσόντων αὐτῶν τῇ κατὰ τοὺς νόμους κολάσει, ἵνʼ ὦμεν εὐεργετημένοι. διευτύχει.","Γαίωι Τυρρανίωι παρὰ Σαταβοῦτος τοῦ Πισόιτος καὶ τοῦ τούτου υἱοῦ Π ισ όιτος τῶν ἀπὸ τοῦ Ἀρ σιν ο είτ ο υ δ η μο σίων γεωργῶν καὶ ἐγλημπτόρων τινῶν ἱερατικῶν ἐ δαφῶν τελο ύ ντ ων ὑ πὲ ρ ὧ ν ἔχο με ν δημοσίων ἐδαφῶν αἰεὶ κατʼ ἔτος εἰς λόγον πυροῦ ἀρτάβας 800 καὶ ἀρ γ υρίου δραχμὰς 1500 . καὶ ἐν τῆι καταβ ολ ῇ ἀν έγ κλητοι μέχρι τοῦ νῦν γεγονότες, διὰ δὲ τὸ μηδὲν ὀφείλειν ἐπεφθ ονη μένοι ὑπό τ ινων ἐκ τοῦ νομοῦ ἀδ ω σιδίκων καὶ αἰεὶ ἀποστατικώτερον φρονούντω ν τ ων πρὸς τὴν ἡμῶν ἐπήρειαν ἱκανῶς ἀπηδικημένοι ἐπὶ τὴν ἐκ σοῦ ἐξοῦ δικα ιοδοσίαν , β ο ηθείας ἵνα τύχωμεν. Ὦπις γὰρ καὶ Ὦπις ἀμφότεροι Πετοσείριος ικ ο νοι ἐθάρσησαν ἐπιδόντες Κόρδῳ τῶι ἐπιστατήσαντι τῶν φυλακ ιτῶν φυλακε ιτῶν τας φάσκοντες τὸν πατέρα αὐτῶν ἐκ τοῦ ζῆν μεθεστακέναι πρὸς λ ο κα τὰ φυ λ ακὴν. καταστάντες δὲ καὶ ἀπολογησάμενοι ἐφάνημεν τῶι Κό ρδωι ἀθῶιοι τῆς συ κ οφ αντί ας, ὥστε εἰ μὴ ἐξ ἧς ἐποιήσαντο ἡμῶν τε καὶ τοῦ Κόρδου πλεί στ ης δεή σεω ς κατὰ τοὺς νόμους τῷ ζῆν αὐτοὺς κινδυνεῦσαι διὰ τὸ μὴ συνεστακέν αι ο εν αν , ἔ γρ αψαν δὲ τούτῳ συλλελύσθαι συνλελύσθαι . πρὶν ἢ δὲ τῆς εἱρκτῆς ἡμᾶς ἀ πολυθῆναι τοῦ Κόρδου μετασταθέντος γενέσθαι ἀντʼ αὐτοῦ Βρείσωνα, ὃν καὶ κ αταστάσεως καινισμὸν παραλογιεῖσθαι ἕτεροι τούτων ἀδελφοὶ η α ι ἐπʼ αὐ τὸν διʼ ἐνκλήματος περὶ τῶν αὐτῶν τῶν νόμων κωλυόντων δὶς περ ὶ το ῦ α ὐτ οῦ δ ικάζεσθαι. γενομένης δʼ ἡμῶν ἐπὶ τοῦ Βρείσωνος πάροντος καὶ Διο δ ώ ρου τῶ ν ἐ ν τῶι ν ομῶι γεγυ μ νασιαρχηκότων καὶ γενομέν ης ἱκανῆς τῶν ῥητό ρ ων ἡ μ ῶν ἁ μ ί λλης ο ἱ δʼ ο ὐδ ʼ οὕ τως συνέστησαν ἡμᾶς τοιοῦτό τι διαπεπραγμένους, ὧν χάριν αὐτοὶ παρὰ πάντα τὰ δίκαια ὄντες ἐν τῇ εἱρ κτ ῇ, διὰ δὲ τοῦτο τῶν γεωργίων ἀφανιζομένων α ς ν προεῖδον ἀλόγευ τ ον καθεστάναι τῆς τε συναγωγῆς ου καιροῦ ἀξιοῦμεν γράψαι τῷ τοῦ νομοῦ στρ ατηγ ῷ ἐκλυ σαμένῳ ἐκλυ σάμενον ἡ μ ᾶς τ ῆς σ υνοχῆς καὶ ἐπιγνόντι ἐπιγνόντα ἀκριβῶς ἀκρειβῶς ἑκάστα, ἐὰ ν καὶ αὐτῷ κατὰ τὸ ος καὶ τοῖς α σι φανῶμεν ἀπολῦσαι, ὅπως γενομένων ἡμῶν περὶ τὴν τ ῶν ἐ δα φῶν γε ω ρ γ ίαν μη δ ὲν τοῖς δημοσίοις ἔλαττον ἐπακολουθήσῃ, δ ια λά βη δ"
bgu;16;2626,1,Letter,Herakleopolites,nach 5 - 4 v.Chr.,,-0005,-0004,-4.0,-25,no,500 αρταβασ,400 δραχμασ,500.0,400.0,0.8,"Εὐρύλοχος Ἀθηνοδώρωι τῶι φιλτάτῳ χαίρειν καὶ ἐρρωμένῳ διευτυχεῖν· τῇ ἐνάτῃ ἡμέρᾳ καὶ αὐτῶν παῤ ἡμῶν προσκαρτερέντων Ἀφεῖ ἀπεξέλθων ἀπελυς αὐτοὺς εἰς τὴν χώραν· τῆς Δωρίωνος ἐπιστολῆς ἐλθούσης περὶ τοῦ ναξου ἀνέρχεσθαί σου γράψαντος ἐξαφίνης παρʼ ἡμῶν ὅτι οὐδέποτε εν τονε vestiges ου καὶ δεῖ ανα ἐπιμέλου δὲ καὶ σεαυτοῦ ἵνα ὑγιαίνῃς· ἔρρωσο· ἔτους ιζ Καίσαρος Μεχεὶρ. ἀναγνοὺς ἐπιστολὴν ταύτην ἔκθες ἵνα Ἀσκλη πιάδου λιθοκρούστου τὴν ἐνγηαλλιούσαις κεχειρισμένοις προστάταις τοῖς οὖσι καὶ γεγο νόσι. συνεπίσχυε Ῥουφίωνι ἀπαιτοῦντι ὡς τοῦτον μένου μοι. πρὸς σεαυτὸν δὲ ἐν αι πρός σε ἐκ τριῶν τριωβόλου ἀναμιμνοῦντες συνέταξες δοθῆναι αὐτοῖς τοῦ κδ ἔτους Καίσαρος Ἡρακλεο πολείτου Ἀθηνοδώρῳ πυροῦ ἀρτάβας φ, οἴνου ἡμικάδια ρ, ἐρίων μαλακῶν πόκοι ρ, Ἀρσινοείτου δραχμῶν Γ. Δωρίων ὑπέγραψε. οἱ προκείμενοι οἰκονόμοι ἀνε νηνόχασι ἑαυτοῖς καὶ γραμματεῦσι τὰ προκείμενα κεφάλαια ἀπὸ τοῦ ιζ ἔτους ἕως τοῦ κϛ ἔτους καὶ ἐν τῆι Ἀσκληπιάδου διαλήψεται εμε Πτολεμαίωι γραμματεῖ πυροῦ σν καὶ ἀργυρίου δραχμὰς υ, περὶ ὧν ἐκ τούτων δεήσει. δοθε ἐπισκεπ τόμενος τὸν βίον· τὸ ἥμισυ μέρος παντὸς τοῦ ἄλλου ἡγουμένου.","Εὐρύλοχος Ἀθηνοδώρωι τῶι φιλτάτῳ χαίρειν καὶ ἐρρωμένῳ διευτυχεῖν· τῇ ἐνάτῃ ἡμέρᾳ καὶ αὐτῶν παῤ ἡμῶν προσκαρτερέντων Ἀφ ε ῖ ἀπεξέλθων ἀπελυς αὐτοὺς εἰς τὴν χ ώραν · τ ῆ ς Δωρί ω νος ἐπιστολῆς ἐλθούσης περὶ τοῦ ναξο υ ἀνέρχεσθαί σου γράψαντος ἐ ξ αφίνης παρʼ ἡμῶν ὅτι οὐδέποτε εν τονε vestiges ου καὶ δεῖ ανα ἐπιμέλου δὲ καὶ σεαυτοῦ ἵνα ὑγιαίν ῃς· ἔρρωσο· ἔτους 17 Καίσαρος Με χ εὶρ . ἀνα γνοὺς ἐπιστολὴ ν ταύ την ἔκθες ἵν α Ἀσκλη πιάδου λιθοκρούστου τὴν ἐνγηαλλιού σ αις κεχ ε ιρισμ ένοις προστάταις τοῖς οὖσι καὶ γεγο νόσι. συνεπίσχυε Ῥουφίωνι ἀπαιτοῦντι ὡς τοῦ τον μένου μοι. πρὸς σεαυτὸν δὲ ἐν αι πρ ός σε ἐκ τριῶν 3 τριωβόλου ἀ ν αμιμ νοῦντες συνέταξες δοθῆναι αὐτοῖς τοῦ 24 ἔτους Καίσαρος Ἡρακλεο πολείτου Ἀθηνοδώρῳ πυροῦ ἀρτάβας 500 , οἴνου ἡμικάδι α 100 , ἐρίων μαλακῶν πόκοι 100 , Ἀρσινοείτου δραχ μῶν 3000 . Δωρίων ὑπέγραψε. οἱ προκείμενοι οἰκονόμοι ἀνε νηνόχασι ἑαυτοῖς καὶ γραμματεῦσ ι τὰ προκείμενα κεφάλαια ἀπὸ τοῦ 17 ἔτους ἕως τοῦ 26 ἔτους καὶ ἐν τῆι Ἀσκληπιάδου διαλήψεται εμε Πτολεμαίωι γραμματεῖ πυρ ο ῦ 250 καὶ ἀρ γυρίου δραχμὰς 400 , περὶ ὧν ἐκ τούτων δεήσει. δοθε ἐπισκεπ τ όμενος τὸν βίον· τὸ ἥμισυ μέρος παντὸς τοῦ ἄ λλου ἡγουμένου."
o.fay;;46,1,keiner,Theadelphia (Arsinoites),frühes I,,0001,0025,13.0,0,no,1 αρταβη,16 δραχμαι,1.0,16.0,16.0,"ἀργυρ στεφάνου δραχμαὶ ιϛ, δα παρ στεφάνου Αφ, ἱππάρχῃ πυροῦ ἀρτάβη α.","ἀργυ ρ στε φάνου δραχμαὶ 16 , δα πα ρ στε φάνου 1500 , ἱππάρχ ῃ πυροῦ ἀρτάβη 1 ."
psi;7;789,1,Locazione d’opera (mietitori),Hermopolites,I - II,,0001,0200,100.0,100,no,2 αρταβησ,16 δραχμαι,2.0,16.0,8.0,"ν οἱ δ θερισταὶ Τ καὶ Μητόκωι ἀμφοτέροις Εὐδήμου χαίρειν. ὁμο λογοῦμεν τε πυρίνους σπόρους ἐν τῶι Πα ἐκ τοῦ Πτολεμαίου κλήρου ἀρούρας τῆς ἐν σπόρωι φανησομένης γενήματος τοῦ ἔτους υ Καίσαρος τοῦ κυρίου μισθοῦ τοῦ θερισμοῦ ἑκάστης ἀρούρης πυροῦ ἀρτάβης δι μοίρου γίνεται πυροῦ ἀρτάβης 𐅷· αὐτόθι δὲ ἐσχήκαμεν παρʼ ὑμῶν ἀργυρίου δραχμὰς δεκαέξ, γίνονται ἀργυρίου δραχμαὶ ιϛ. ἀρξόμεθαἀρξώμεθα δὲ ἀπὸ δεκάτης ἡμέρας τοῦ Παχὼν καὶ οὐκ ἀποστη σόμεθα καὶ τῇ ἐσχάτῃ ἡμέρᾳ ὁμοίως θερίσομεν περὶ Νεκοσὺ ἀρούρας τρεῖς οτηεν ης συμφωνίαςσυμφονείας. τοὺς δὲ μισθοὺς με τρήσεις ἐν τοῖς Παῦνι καὶ Ἐπεὶφ μησὶ τοῦ αὐτοῦ ἔτους μετρήσειμετρήσι πρώτῃ ηαωντα μων","ν ο ἱ 4 θερισταὶ Τ καὶ Μητόκωι ἀ μφ οτέ ρ οις Εὐδήμου χα ίρειν . ὁμ ο λογοῦμεν τε πυρίνους σπόρους ἐν τῶι Πα ἐκ τοῦ Πτολεμαίου κλήρου ἀρούρας τῆς ἐν σπόρωι φανησομένης γενήματος τοῦ ἔτους υ Καίσαρο ς το ῦ κυρίου μισθοῦ τοῦ θερισμοῦ ἑκά στης ἀρούρης πυροῦ ἀρτάβης δι μοίρου γίνεται πυροῦ ἀρτάβης 2/3 · αὐτόθι δὲ ἐσχήκαμεν παρʼ ὑ μῶν ἀργυρίου δραχμὰς δεκαέξ, γίνονται ἀργ υρίου δραχμαὶ 16 . ἀρξό μεθα ἀρξώ μεθα δὲ ἀπὸ δε κάτης ἡ μ έρας τ οῦ Παχὼν καὶ οὐκ ἀποστη σόμεθα καὶ τῇ ἐσχάτῃ ἡ μ έρᾳ ὁμοίως θερί σομ ε ν περὶ Νεκοσ ὺ ἀρούρας τρ ε ῖς 3 ο τη εν η ς συμφωνίας συμφονεία ς . τ οὺ ς δὲ μισθοὺς με τρήσεις ἐν τοῖς Παῦνι καὶ Ἐπεὶφ μ ησὶ το ῦ αὐ το ῦ ἔτους μετρήσει μετρήσι πρώτῃ η α ω ντα μ ων"
p.fay;;119,1,Letter from Gemellus to Sabinus,Euhemeria (Arsinoites),ca. 103,0103,,,103.0,100,no,1 αρταβην,12 δραχμων,1.0,12.0,12.0,Λούκιος Βελλῆνος Γέμελλος Σαβίνωι τῷ υἱῶιοιεἱῶι χαίρειν. ἠγόρακεἠγόρακαι Αὐνῆς ὁὡ ὀνηλάτης χόρτου δέσμηνδυσμην σαπρὰν ἐκἐγ δραχμῶν ιβ καὶ μικρὰν δέσμηνδυσμην καὶ χόρτονχοντον σαπρὸν καὶ ὅλονὥλον λελυμένον ὡς σκύβαλον. ΣαβῖνοςΣαβῖνον ὁτον Ψελλὸςψέλλοςψελλον ὁτον ἀπὸ Ψινάχεος τὸν μετʼ ἐσοῦμετὰμετὲ σοῦ εἰς πόλιν ἤνεγκεἤνενκαι ἐπιστο λὴν τοῦ ἡγεμόνος πρὸς Διονύ σιν τὸν στρατηγὸν διακοῦσαι αὐτοῦ τμαισες βίαν μου αὐτω πουτωττι ἕως γρά ψῃ τὸν τριευρον τοῦ χόρ του ἐπὶ σποράν. τὴν διαγραφὴν τοῦ χόρτου ποῦ τέθηκαςτέθικας καὶ τὸτω δάνειονδάνιον αὐτοῦ τῆς μνᾶς ἥ ἐστι γραφή; πέμψειςπέμσις τὸτω κλειδίονκλιδιν καὶ σήμαινόν μοιμυ ποῦ κεῖταικῖται ἵναεἵνα αὐτὰ προέλωπροέλωι ἵναεἵνα ἐὰναἰὰν μέλλω πρὸς αὐτὸν λογιεῖνλογεῖνλογεῖν ἔχωἐχο αὐτά. μὴ οὖν ἄλλωςἄλλος ποιήσῃςπυήσῃς. ἐπιμέλου σεαυτοῦσατοῦ. ἀσπάζου Ἐπαγαθὸν καὶ τοὺς φιλοῦνταςφιλοῦντες ἡμᾶς πρὸς ἀλήθειανἀλήθιαν. ἔρρωσο. Χοίακ ιβ. εἰς τὰ Σατορνάλια πέμ ψειςπέμσις ἀλέκτορας δέκα ἀγοράσαςἀγοραςἀγορᾶσ καὶ εἰς τὰ γενέσια Γεμέλλης πέμψειςπέμψις ὀψάριαὠψάρια καὶ καὶ ἄρτον πυροῦ ἀρτάβην α.,Λούκιος Βελλ ῆ νος Γέμελλος Σα βίνωι τῷ υἱῶι οι εἱ ῶι χαίρειν. ἠγόρακε ἠγόρακαι Αὐνῆς ὁ ὡ ὀνηλάτης χόρτου δέσμην δυσμην σαπρὰν ἐκ ἐγ δραχμῶν 12 καὶ μικρὰν δέσμην δυσμην καὶ χόρτον χοντον σαπρὸν καὶ ὅλον ὥλον λελυμένον ὡς σκύβαλον. Σαβῖνος Σαβῖνον ὁ τον Ψελλὸς ψέλλος ψελλον ὁ τον ἀπὸ Ψινάχεος τὸν μετʼ ἐσοῦ μετὰ μετὲ σοῦ εἰς πόλιν ἤνεγκε ἤνενκαι ἐπιστο λὴν τοῦ ἡγεμόνος πρὸς Διονύ σιν τὸν στρατηγὸν διακοῦσαι αὐτοῦ τ μαισ ες βίαν μου αὐτω π ο υ τωτ τι ἕως γρά ψῃ τὸν τρι ε υρον τοῦ χόρ του ἐπὶ σ π ορά ν . τ ὴ ν διαγραφὴν τοῦ χόρτου ποῦ τέθηκας τέθικας καὶ τὸ τω δάνειον δάνιον αὐτοῦ τῆς μνᾶς ἥ ἐστι γραφή; πέμψεις πέμσις τὸ τω κλειδίον κλιδιν καὶ σήμαινόν μοι μυ ποῦ κ εῖται κ ῖται ἵνα εἵνα αὐτὰ προέλω προέλωι ἵνα εἵνα ἐὰν αἰὰν μέλλω πρὸς αὐτὸν λογιεῖν λογεῖν λογεῖν ἔχω ἐχο αὐτά. μὴ οὖν ἄλλως ἄλλος ποιήσῃς πυήσῃς . ἐπιμέλου σεαυτοῦ σατοῦ . ἀσπάζου Ἐπαγαθὸν καὶ τοὺς φιλοῦντας φιλοῦντες ἡμᾶς πρὸς ἀλήθειαν ἀλήθιαν . ἔρρωσο. Χοίακ 12 . εἰς τὰ Σατορνάλια πέμ ψεις πέμ σις ἀλέκτορας δέκα 10 ἀγορά σα ς ἀγορας ἀγορᾶσ καὶ εἰς τὰ γενέσια Γεμέλλ ης πέμψεις πέμψις ὀψάρ ι α ὠψάρ ι α καὶ καὶ ἄρτον πυροῦ ἀρτάβην 1 .
p.sarap;;68,1,Dépenses et comptes d’ouvriers,Hermopolites,90 - 133,,0090,0133,112.0,100,no,2 αρταβαι,11 δραχμαι,2.0,11.0,5.5,ὀβολὸς ου ὀβολοὶ κε ὀβολοὶ θ ε Πεκύσι ὀβολοὶ ι αι δραχμαὶ ια διώβολον ι πλ πυροῦ ἀρτάβαι β καὶ ο ο ὀβολοὶ κθ,1 ου ὀ β ολοὶ 25 ὀβ ολοὶ 9 ε Πεκύσι ὀβ ολοὶ 10 α ι δραχμαὶ 11 2 ι π λ πυροῦ ἀρτάβαι 2 καὶ ο ο ὀβ ολοὶ 29
p.oslo;3;131,2,Loan,Theadelphia (Arsinoites),17. Jan. 118,0118-01-17,,,118.0,100,no,1.5 αρταβησ,28 δραχμων,1.5,28.0,18.666666666666668,ὁμολογία Διοσκόρου καὶ τῆς γυναικὸς πρὸς Λεωνίδην Ἡρώδου δραχμῶν κη πυροῦ ἀρτάβης α 𐅵 ιβ,ὁμολ ογία Διοσκόρου καὶ τῆς γυν αικὸς π ρὸ ς Λεω νίδ ην Ἡρώδ ου δραχμῶν 28 πυροῦ ἀρτάβης 1 1/2 1/12
p.giss;1;61,1,Beschwerdeschrift von Einwohnern des Dorfes Naboo über ihren κωμογραμματεύς,Naboo (Apollonopolites Heptakomias),7. Juni 119,0119-06-07,,,119.0,100,no,6 αρταβασ,20 δραχμων,6.0,20.0,3.3333333333333335,"Ἀπολλωνίωι στρατηγῶι Ἀπολλωνοπολίτου Ἑπτακωμίας παρὰ Πετεμενεκύσιος Πετεμενεκύσιος τοῦ ΠνάσιοςΠτιάσιος καὶ Ὀφιέως Πετεμενεκύσιος καὶ τῶν ἀπὸ κώμης Ναβοώι. πολλὰ αἰ κισθέντες ὑπὸ Ψάιτος κωμογραμματέως Ναβοὼι ἀναγκαίως μηνύομενμηνυοντες αὐ τὸν λογείανλογίαν πεποιηκέναι ἐπὶ τῆς κώ μης Ναβοώι, τοὺςοι μὲν ἐξ εἴκοσι δραχμῶν, τοὺςοι δὲ ἐκ δώδεκα δραχμῶν καὶ ὀκτὼ διέσει σεν. καὶ ὁμοίως ἕτερα τοῦ κατʼ ἄνδρα καὶ τοῦ σωματισμοῦ ἀπῄτησεν ὁ τω πυροῦ ἀρτάβας ϛ ινατωτη μεν τοῦ τυράννου συνκρίναντος τὸν σωματισμὸν τοῦ γ ἔτους καὶ τοῦ διεληλυθότος β ἔτους πρὸς τὴν εὐθυμετρίαν, ἀξιοῦμεν, κύριε, ἐὰν δόξηι σοι, τὴν ἐξέτασιν ποιή σασθαι πρὸς τὸ μηδὲν ἔλασσον τῶι φίσκωι ἐπακολουθῆσαι μενόντων ὧν ἔχο μεν ἄλλων πρὸς αὐτόν. ἔτους γ Αὐτοκράτορος Καίσαρος Τραιανοῦ Ἁδριανοῦ Σεβαστοῦ Παῦνι ιγ. Οὐφιεὺς Πετεμενεκύσιος ἐπιδέδωκα ὡς πρόκειται. Πνεκῦσις Πετεμενεκῦσις ἐπιδέ δωκα ὡς πρόκειται. νσαρεὺς","Ἀπολλωνίωι στρατηγῶι Ἀπολλωνοπ ολ ίτου Ἑπτα κ ω μίας παρὰ Πε τ εμενεκύσιος Πετεμενεκ ύσιος τοῦ Πνάσιος Πτιάσιος καὶ Ὀ φιέως Πε τεμ εν ε κ ύ σιος κ α ὶ τ ῶ ν ἀπὸ κώμ η ς Ναβ ο ώ ι. πο λ λὰ αἰ κι σθ έ ν τες ὑπὸ Ψάιτος κωμογρ αμ ματέως Ναβοὼι ἀναγ κ αίως μηνύομεν μηνυοντ ες α ὐ τὸν λογείαν λογίαν π ε π οιηκέναι ἐπὶ τῆς κώ μης Ναβοώι, τοὺς οι μὲν ἐξ εἴκοσι 20 δραχμῶν, τοὺς οι δὲ ἐκ δώδ εκ α 12 δραχ μῶν καὶ ὀκτὼ 8 δι έσ ει σεν. καὶ ὁμοίω ς ἕ τερα τοῦ κατʼ ἄνδρ α καὶ το ῦ σ ωματισμοῦ ἀ π ῄτησεν ὁ τω πυροῦ ἀρτάβας 6 ινα τω τ η μεν τοῦ τυράννου συνκρίν α ν τ ος τὸν σω μα τισμὸν τοῦ 3 ἔτους καὶ τοῦ διεληλυ θό τος 2 ἔτους πρὸς τὴν εὐθυμετρίαν, ἀξιοῦ με ν , κύριε, ἐὰν δόξη ι σοι, τὴν ἐξέτασιν ποι ή σασθαι πρὸς τὸ μηδὲν ἔλασσον τῶι φί σ κωι ἐπακολουθῆσαι μενόντων ὧν ἔ χ ο μεν ἄλλων πρὸς αὐτόν. ἔτους 3 Αὐτοκράτ ο ρος Κ αί σαρος Τραιανοῦ Ἁδριανοῦ Σ ε βαστοῦ Παῦνι 13 . Οὐ φι εὺς Π ετεμενεκύ σ ι ο ς ἐπι δ έδ ωκα ὡς πρόκ ε ι τ αι . Πν εκῦσις Πετε μενεκῦσις ἐ πιδέ δω κα ὡς πρόκ ειται . ν σαρεὺς"
bgu;1;290,1,keiner,Herakleia (Arsinoites),29. Dez. 150,0150-12-29,,,150.0,150,no,1.5 αρταβην,84 δραχμασ,1.5,84.0,56.0,ἔτους τεσσαρεσκαιδεκάτου Αὐτοκράτορος Καίσαρος Τίτου Αἰλίου Ἁδριανοῦ Ἀντωνίνου Σεβαστοῦ Εὐσεβοῦς μηνὸς Δύστρου γ Τῦβι γ ἐν Ἡρακλείᾳ τῆς Θεμίστου μερίδος τοῦ Ἀρ σινοΐτου νομοῦ. ὁμολογεῖ Ὧρος Στοτοήτιος ος τοῦ Ὥρου ἱερεὺς ἀπὸ κώμης Σοκνοπαίουκώμης Σοκνοπαίου Νήσου Πέρσης τῆς ἐπιγονῆς ὡς ἐτῶν λϛ οὐλὴ μετώ πῳμετόπῳ ἐκἐγ δεξιῶν Στοτοήτι Τεσενούφεως ὡς ἐτῶν λβ ἀσήμῳ ἔχεινἔχιν παρʼ αὐτοῦ τὸν ὁμολογοῦντα παραχρῆμα διὰ χειρὸς χρῆσιν ἔντοκον ἀργυρίου κεφαλαίου δραχμὰς ὀγδοήκοντα τέσσαρες καὶ πυροῦ ἐν γενειν νέου καθαροῦ ἀδόλου ἀρτάβην μίαν ἥμισυ πέμπτον μέτρῳ δρόμῳ τετραχοινίκῳ ὧν καὶμέτρῳ δρόμῳ τετραχοινίκῳ τὴν ἀπόδωσιν ποιησάσθω ὁ Ὧρος τῷ Στοτοῆτι ἐν μηνὶ Παῦνι,ἔτους τεσσαρεσκαιδεκάτου Αὐτοκράτορος Καίσαρος Τίτου Αἰλίου Ἁδριανοῦ Ἀντωνίνου Σεβαστοῦ Εὐσεβοῦς μηνὸς Δύστρου 3 Τ ῦβι 3 ἐν Ἡρακλείᾳ τῆς Θεμίστου μερί δος το ῦ Ἀρ σινο ΐ του νομοῦ. ὁμολογ εῖ Ὧρος Σ τοτοή τι ος ος τοῦ Ὥρου ἱερεὺς ἀπὸ κώμης Σοκνο π αίου κώμ ης Σοκνοπαίου Νήσου Πέρσης τῆς ἐπιγονῆς ὡς ἐτῶν 36 οὐ λὴ μετώ πῳ μετό πῳ ἐκ ἐγ δεξιῶν Στοτοήτι Τεσενούφεως ὡς ἐτῶν 32 ἀσήμῳ ἔχειν ἔχιν παρʼ αὐτοῦ τὸν ὁμολογοῦντα παραχρῆμα διὰ χειρὸς χρῆσιν ἔντοκον ἀργυρίου κεφαλαίου δραχμὰς 84 καὶ πυροῦ ἐν γενε ι ν νέου καθαροῦ ἀδόλου ἀρτάβην 1 1/2 πέμπτον μ έ τ ρ ῳ δρ όμ ῳ τετραχο ινίκ ῳ ὧ ν καὶ μέ τρ ῳ δρόμ ῳ τε τραχ ο ινίκῳ τὴν ἀπόδωσι ν ποι ησά σθω ὁ Ὧρος τῷ Στοτοῆτι ἐν μηνὶ Πα ῦνι
o.bodl;2;2405,1,keiner,Theben,II (?),,0101,0200,150.0,150,yes,1 αρταβησ,3 δραχμασ,1.0,3.0,3.0,Τκαλῆς Ἁτρήους Ὥρου δηλο πυροῦ ἀρτάβης ιβ τιμῆς κρότωνος δραχμὰς γ.,Τκαλῆς Ἁτρήο υς Ὥρου δ ηλο πυροῦ ἀρτάβης 1/12 τι μῆς κρ ό τωνος δραχμὰς 3 .
p.oxy;60;4056,1,Receipts for Refund of the Price of πυρὸς συναγοραστικός,Prosopites,154 - 155 (?),,0154,0155,154.0,150,yes,8.5 αρταβασ,8 δραχμων,8.5,8.0,0.9411764705882353,Πτολεμαίῳ στρατηγῷ Προσωπείτου. οἱ ὑπογεγραμμένοι ὀμνύομεν Αὐτοκράτορα Καίσαρα Τίτον Αἴλιον Ἁδριανὸν ντωνεῖνου Σεβαστὸν ΕὐσεβῆΕὐσεβην ἀνῃρῆσθαιἀνειρῆσθαι παρὰ Ἡρακλείδου καὶ Ἀπολλωνίου βασιλικῶν τραπεζιτῶν ἀπὸ λόγου διοικήσεως ὑπὲρ τιμῆςτειμῆς πυροῦ κελευσθέντος συνα γορασθῆναι ἐν τῷ νομῷ ὑπὸ Μουνα τίου Φήλικος τοῦ ἡγεμονεύσαντος καὶ δηλωθέντος μεμετρῆσθαι ὑφʼ ἡμῶν ἀπὸ γενήματος ιζ ἔτους Ἀντωνίνου Καίσαρος τοῦ κυρίου ἀκολούθως τῷ ἐπιστάλματι ἐπισταλέντι ὑπὸ σοῦ καὶ Πρωτάρχου βασιλικοῦ γραμματέως οὗ ἕκαστος ἡμῶν ἐμέτρησεν πυροῦ ὡς τῆς ἀρτάβης ἐκ δραχμῶν η μηδενὸς ὑπολογηθέντος ὀνόματι ἑκατοστῶν ἢ ἄλλου τινος. ἐσμὲν δέ· Φευ Φερωούθεως ἀρτάβας η 𐅵 δ υτου υἱοῦ,Πτολεμαίῳ στρατηγῷ Προσω πείτου . οἱ ὑπογεγραμ μένοι ὀμνύομεν Αὐτοκράτο ρα Καίσαρα Τί τον Αἴλιον Ἁδριανὸν ντωνε ῖ νου Σεβαστὸν Εὐσεβῆ Εὐσεβην ἀνῃρῆσθ αι ἀνειρῆσθ αι παρὰ Ἡρακλείδου καὶ Ἀπολλωνίου βασιλ ικῶν τρα πεζιτῶν ἀπὸ λόγου διοικήσεως ὑπὲρ τιμῆς τειμῆς πυροῦ κελ ευσθ έντος συν α γορασθ ῆναι ἐν τῷ νο μῷ ὑπὸ Μου ν α τίου Φήλικος τοῦ ἡγεμονεύσαν τος καὶ δη λω θ έντος μεμετ ρῆσθαι ὑφʼ ἡμῶν ἀπὸ γενήματος 17 ἔτους Ἀντωνίνου Καίσαρος τοῦ κυρίου ἀκολούθ ως τῷ ἐπιστάλ ματι ἐπισταλ έντι ὑπὸ σοῦ καὶ Πρωτάρχου βασιλ ικοῦ γραμ ματέως οὗ ἕκαστος ἡμῶν ἐμέτρησεν πυρο ῦ ὡς τῆς ἀρτάβης ἐκ δραχμῶν 8 μ η δενὸς ὑπολογηθ έντος ὀνόματι ἑκατοστῶν ἢ ἄλλου τινος. ἐσμὲν δέ· Φε υ Φερωούθεως ἀρτάβας 8 1/2 1/4 υ του υἱοῦ
p.berl.frisk;;1,2,Bankakten aus dem Faijûm,Ptolemais Euergetis (Arsinoites),7. Febr. 155,0155-02-07,,,155.0,150,yes,12 αρταβασ,96 δραχμαι,12.0,96.0,8.0,"Δείῳ Σωτήριχος Σαραπίωνος τ κώμης ἀπέχω παρʼ ὑμῶν τὰς ἐπισταλείσας μοι ὑπὸ Πτολεμαίου βασιλικοῦ γραμματέως Πολέμωνος μερίδος διαδεχομένου καὶ τὰ κατὰ τὴν στρατηγίαν Θεμίστου καὶ Πολέμωνος μερίδων ὑπὲρ φορέτρωνφολέτρων πυροῦ, οὗ κατῆξα ἀπὸ δημοσίων θησαυρῶν Πολέμωνος μερίδος εἰς ὅρμον Καινῆς ἀπεργασίας γενομένης γενήματος ιζ ἔτους Ἀντωνείνου Καίσαρος τοῦ κυρίου πυροῦ ἀρτάβας ιβ, τιμῆςτειμῆς ὡς τῆς ἀρτάβης ἑκάστης η, τὰς συναγομένας ἀργυρίου δραχμὰς ἐνενήκοντα ἕξ, γίνονται δραχμαὶ ϙϛ. ἐγράφη διὰ Ἑρμίου νομογράφου. ἔτους ιη Ἀντωνείνου Καίσαρος τοῦ κυρίου, Μεχείρ. Σωτήριχοςσωτηριτος Σαραπίωνος ἀπέχω τὰς δραχμὰς ἐνενήκοντα ἕξ , καθὼς πρόκιται. γνωρίζωγνωρίζωι τὸν προκίμενον ἀναιρούμενον τὰς τοῦ ἀργυρίου δραχμὰς τριακοσίας μίανμια τριώβολον.","Δ είῳ Σωτ ήριχος Σαραπίων ος τ κώ μης ἀ π έχω παρʼ ὑμῶν τὰς ἐπ ισταλ είσας μοι ὑπὸ Πτολ εμαίου βασιλ ικοῦ γρα μματέως Πολ έμωνος μερίδ ος διαδεχομ ένου καὶ τ ὰ κ ατὰ τὴν στρατηγίαν Θεμ ίστου καὶ Π ολέμωνος μερίδων ὑπὲρ φορέτρων φολέτρων π υροῦ, οὗ κατῆξα ἀπὸ δημ οσίων θησα υρῶν Πολ έμωνος μερίδ ος εἰς ὅρμον Καινῆς ἀπεργασίας γενομ ένης γενήμ ατος 17 ἔτους Ἀντωνείνου Καίσαρος τοῦ κυρίου πυροῦ ἀρτάβας 12 , τιμῆς τει μῆς ὡς τῆς ἀρτάβης ἑκά στης 8 , τὰς συναγομ ένας ἀργ υρίου δραχμὰς ἐνενήκοντα ἕξ, γίνονται δραχμαὶ 96 . ἐ γρ άφη διὰ Ἑρμίο υ νομ ογράφου . ἔτους 18 Ἀντωνείνου Καί σ αρος τοῦ κυρίου, Μεχ είρ . Σω τήριχος σω τηριτος Σαραπίωνος ἀπ έχω τὰς δραχμὰς ἐνενήκοντα ἕξ 96 , καθὼς πρόκιτ αι . γ νωρίζω γ νωρί ζ ω ι τὸν π ροκ ί μενον ἀ ναι ρούμενον τὰς τοῦ ἀργ υρίου δραχμὰς τριακοσίας μίαν μια 301 3 ."
p.berl.frisk;;1,3,Bankakten aus dem Faijûm,Ptolemais Euergetis (Arsinoites),7. Febr. 155,0155-02-07,,,155.0,150,yes,9.5 αρταβασ,45 οβολ;76 οβολουσ;76 δραχμαι;2 οβολ,9.5,76.0,8.0,"Σαβείνῳ γεγυμνασιαρχηκότι καὶ μετόχοις δημοσίοις τραπεζίταις Ἀμμώνιος Ἀμμωνίου καμηλο τρόφος Διονυσιάδος διὰ Σαραπάμ μωνος ἀδελφοῦ ἀποσυσταθέντος. ἀπέχω παρʼ ὑμῶν τὰς ἐπισταλείσας μοι ὑπὸ Πτολεμαίου βασιλικοῦ γραμματέως Πολέμωνος μερίδος διαδεχομένου καὶ τὰ κατὰ τὴν στρατηγίαν Θεμίστου καὶ Πολέμωνος καὶ Πτολεμαίου βασιλικοῦ γραμματέως Θεμίστου ὑπὲρ φορέτρων πυροῦ ἀπεργασίας, ἧς ἐποιησάμην ἀπὸ θησαυρῶν Θεμίστου εἰς τοὺς ὅρμους γενήματος ιζ ἔτους πυροῦ ἀρτάβας θ 𐅵 κδ, τιμῆς ὡς τῆς ἀρτάβης ἑκάστης η, τὰς συναγομένας ἀργυρίου δραχμὰς ἑβδομήκοντα ἓξ διώβολον, γίνονται δραχμαὶ οϛ διώβολον. με ὀβολ 2. ἔτους αη Ἀντωνείνου Καίσαρος τοῦ κυρίου, Μεχεὶρ ια. Ἀμμώνιος Ἀμμωνίου καμηλοτρόφος Διο νυσιάδος διὰ Σεραπάμμωνος ἀδελφοῦ ἀπέ χω τὰς προκειμένας δραχμὰς ἑβδομήκοντα ἓξ ὀβολοὺς δύο , καθὼς πρόκιται.","Σαβείνῳ γεγυμ νασιαρχηκότι καὶ μετόχ οις δη μοσίοις τραπ εζίταις Ἀμμώνιος Ἀμμωνίου καμηλο τρόφος Διονυσιάδ ο ς διὰ Σαραπάμ μωνος ἀδελφοῦ ἀποσυσταθέντ ος . ἀπέχ ω παρʼ ὑμῶν τὰς ἐπισταλ είσας μοι ὑπὸ Π τ ολ εμαίου βασιλ ικοῦ γρα μματέως Πολ έμωνος μερίδ ος διαδεχ ομένου καὶ τὰ κ α τ ὰ τ ὴν στρα τηγίαν Θεμ ίστου καὶ Πολ έμωνος καὶ Πτολ εμαίου βασιλ ικοῦ γρα μματέως Θε μ ίστου ὑπὲρ φορέτ ρων πυροῦ ἀπεργ ασίας , ἧς ἐποι ησάμην ἀπὸ θησαυρῶν Θεμ ίστου εἰ ς τ ο ὺ ς ὅρμους γενήμ ατος 17 ἔτους πυροῦ ἀρτάβας 9 1/2 1/24 , τ ι μ ῆς ὡς τῆ ς ἀρτάβης ἑκά στης 8 , τὰς σ υναγομ ένας ἀ ρ γυρ ίου δραχμὰς ἑβδομ ή κ οντα ἓξ 2 , γίνονται δραχμαὶ 76 2 . 45 ὀβολ 2 2 . ἔτους 1 8 Ἀντωνείνου Καίσαρος τοῦ κυρίου , Μ εχ εὶ ρ 11 . Ἀμμώνιος Ἀμμω νίου καμ η λοτρόφος Διο νυ σιά δος διὰ Σ εραπάμμων ο ς ἀδελ φο ῦ ἀπέ χω τὰς προκειμένας δρ αχ μ ὰς ἑ βδο μήκοντα ἓξ 76 ὀβολοὺς δύο 2 , κ αθ ὼς πρόκιται ."
p.berl.frisk;;1,5,Bankakten aus dem Faijûm,Ptolemais Euergetis (Arsinoites),7. Febr. 155,0155-02-07,,,155.0,150,no,6 αρταβασ,48 δραχμασ,6.0,48.0,8.0,"α Δείῳ καὶ Σαβείνῳ καὶ μετόχοις δημοσίοις τραπεζίταις Ἀμμώνιος Καλᾶ δημόσιος κτηνο τρόφος κώμης Κυνῶν διὰ Θεογί τονος ἀποσυσταθέντος. ἀπέχω παρʼ ὑμῶν τὰς ἐπισταλείσας μοι ὑπὸ Πτολεμαίου βασιλικοῦ γραμματέως Πολέμωνος μερίδος διαδεχομένου τὰ κατὰ τὴν στρατηγίαν τῶν β μερίδων, ἃς ᾐτησάμην ἐπιστα λῆναι ὑπὲρ φορέτρων πυροῦ, οὗ κα τῆξα ἀπὸ θησαυρῶν Πολέμωνος μερίδος εἰς τοὺς ὅρμους ἀπεργασίας ἐπὶ Δημητρίῳ τῷ καὶ Ἁρποκρατίωνι στρατηγῷ τῶν β μερίδων γενήματος ιζ ἔτους Ἀντωνίνου Καίσαρος τοῦ κυρίου πυροῦ ἀρτάβας ϛ ιβ, ὡς τῆς ἀρτάβης κατὰ τὰ κελευσθέντα ἑκάστης, τὰς συν αγομένας ἀργυρίου δραχμὰς μη τετρώβολον. Θεογίτων ἀπο συσταθεὶς ὑπὸ τοῦ προγεγραμμένου κτηνοτρόφου ἀπέχω παρὰ τῶν δημοσίων τραπεζιτῶν τὰς τοῦ ἀργυρίου δραχμὰς μη τετρώβολον, καθὼς πρόκειται. ἔτους ιη Αὐτοκράτορος Καίσαρος Τίτου Αἰλίου Ἁδριανοῦ Ἀντωνίνου Σεβαστοῦ Εὐσεβοῦς, Μεχεὶρ ια.","α Δείῳ κ αὶ Σαβ είνῳ καὶ μετό χοις δημ οσίοις τρα πεζίταις Ἀμμώ νιος Κ α λᾶ δημόσιος κτη νο τ ρό φος κ ώμη ς Κυν ῶ ν διὰ Θεογί τονος ἀποσ υ σταθέντος. ἀπέ χ ω παρʼ ὑμῶν τὰ ς ἐπιστ α λείσας μοι ὑπ ὸ Πτολεμαίου βασι λ ικοῦ γρα μματέως Πολ έμωνος μερίδος διαδεχομένου τ ὰ κατὰ τὴν στρα τηγίαν τ ῶν 2 μερίδων, ἃ ς ᾐτησάμη ν ἐπιστα λῆναι ὑπὲρ φο ρέτρων πυ ροῦ, οὗ κα τῆξα ἀπὸ θησαυρ ῶ ν Πο λέμω νος μερίδος εἰς τοὺς ὅρμους ἀ περγ ασίας ἐπὶ Δημητρίῳ τῷ καὶ Ἁ ρπ οκρατίω νι στρα τηγῷ τῶν 2 μερίδων γενή ματος 17 ἔτους Ἀντωνίνου Καίσαρος τοῦ κυρίου πυροῦ ἀρτάβας 6 1/12 , ὡς τῆς ἀρτάβης κατὰ τὰ κελευσθέντα ἑκά στης , τὰς συν αγο μένας ἀργ υρίου δραχμὰς 48 4 . Θεογίτων ἀπο συσταθεὶς ὑπὸ τοῦ προγεγραμμένου κτηνοτρόφου ἀπέχω παρὰ τῶν δημοσίων τραπ εζιτῶν τὰς τοῦ ἀργ υρίου δραχμὰς 48 4 , καθὼς πρόκειται. ἔτους 18 Αὐτο κράτορος Καίσαρος Τίτου Αἰλίου Ἁδριανο ῦ Ἀντω νίν ου Σεβ αστ οῦ Εὐσεβοῦς, Μεχεὶρ 11 ."
p.berl.frisk;;1,13,Bankakten aus dem Faijûm,Ptolemais Euergetis (Arsinoites),7. Febr. 155,0155-02-07,,,155.0,150,no,5.5 αρταβασ,44 δραχμασ,5.5,44.0,8.0,"Δείῳ καὶ Σαβείνῳ καὶ μετόχοις δημοσίοιδημοσιως τραπεζίταιςτραπεζειτων οἱ ὑπογεγραμμένοι δημό σιοι κτηνοτρόφοι κώμης υ διὰ Θεογίτονος ἀποσυσταθέντος. ἀπέχο μεν παρʼ ὑμῶν τὰς ἐπισ ταλείσας ἡμῖνἡμεῖν ὑπὸ Πτο λεμαίου βασιλικοῦ γραμματέως Πολέμωνος μερίδος διαδεχομένουδιαδεχομενος τὰ κατὰ τὴν στρατηγίαν τῶν β μερίδων, ἃς ᾐτήσαμεν ἐπισταλῆ ναι ὑπὲρ φορέτρων δημοσίου πυροῦ, οὗ κατήξαμεν ἀπὸ θησαυρῶν Πολέμωνος μερίδος εἰς τοὺς ὅρμους ἀπεργασίας ἐπʼ αὐτῷ γενομέ νης γενήματος ιζ ἔτους πυροῦ ἀρτάβας ε 𐅵, ὡς τῆς ἀρτάβης ἑκάστης η, τὰς συνα γομένας ἀργυρίου δραχμὰς μδ. εἰσὶ δέ· Ζωίλος Ἀπολλ, Δίδυμος Ἁρποκρατίωνος. Θεογίτων ἀποσυσταθεὶς ὑπὸ τῶν προγεγραμμένων κτηνοτρό φων ἀπέχωἀπεχο τὰς τοῦ ἀργυρίου δραχμὰς μδ, καθὼς πρόκειται. ἔτους ιη Αὐτοκράτορος Καίσαρος Τίτου Αἰλίου Ἁδριανοῦ Ἀντωνίνου Σεβαστοῦ, Μεχεὶρ αδ.","Δείῳ καὶ Σαβείνῳ καὶ μετόχ οις δημοσ ίοι δημοσ ιω ς τραπεζίταις τραπεζειτων οἱ ὑπο γεγραμμένοι δη μ ό σιοι κτ ηνοτρόφοι κώ μη ς υ διὰ Θεογί τ ον ο ς ἀποσ υ σταθ έν το ς . ἀπ έ χ ο μεν παρʼ ὑμῶν τὰς ἐπισ ταλείσας ἡμῖν ἡμεῖν ὑπὸ Πτο λεμαίου βασιλικοῦ γρα μματέως Πολέμωνος μερίδ ο ς διαδεχομένου διαδεχ ομ ενος τὰ κ α τὰ τὴ ν στρ ατηγίαν τῶν 2 μερ ί δων, ἃς ᾐτήσαμεν ἐπιστα λῆ ναι ὑπ ὲρ φορέτ ρων δη μο σ ίου πυροῦ, οὗ κα τήξαμεν ἀπὸ θησαυρῶν Πολέ μωνος μερίδος εἰς τοὺς ὅρ μους ἀπεργασίας ἐπʼ αὐτ ῷ γενομέ νης γενή ματος 17 ἔτους πυροῦ ἀρτάβας 5 1/2 , ὡς τῆς ἀρτάβης ἑκά στης 8 , τ ὰ ς συνα γο μένας ἀργ υρίου δραχμὰς 44 . εἰσὶ δ έ · Ζωίλος Ἀπολ λ , Δίδυμος Ἁρποκ ρατ ί ω νος . Θεογίτων ἀποσυσ ταθεὶς ὑπὸ τῶν προγεγρα μμένων κτηνοτ ρό φων ἀπέχω ἀπεχο τὰς τοῦ ἀργ υρίου δραχμὰς 44 , καθὼς πρόκ ειται . ἔτους 18 Α ὐτο κράτορ ος Καίσαρος Τίτου Αἰλίου Ἁδρι ανο ῦ Ἀντωνίνου Σεβασ τοῦ, Μεχεὶρ 1 4 ."
p.berl.frisk;;1,16,Bankakten aus dem Faijûm,Ptolemais Euergetis (Arsinoites),7. Febr. 155,0155-02-07,,,155.0,150,yes,3 αρταβασ,27 δραχμασ,3.0,27.0,9.0,"Σαβείνῳ καὶ μετόχοις δημοσίοις τραπεζίταις Πνεφερὼς Πτόλλιδος δημόσιος κτηνοτρόφος κώμης Κερκεσού χων Ἡρακλείδου μερίδος. ἀπέ χω παρʼ ὑμῶν τὰς ἐπισταλείσας μοι ὑπὸ Πτολεμαίου βασιλικοῦ γραμματέως Πολέμωνος διαδεχομένου τὴν στρατηγίαν τῆς Θεμίστουηεμ καὶ Πολέμωνος μερίδων ὑπὲρ φο ρέτρων, ἧς ἐποιησάμην ἀπερ γασίας ἀπὸ θησαυρῶν Πο λέμωνος μερίδος ἐπὶ σοί, ἀπὸ γενήματος ιζ ἔτους Ἀντωνίνου Καίσαρος τοῦ κυρίου πυροῦ ἀρτάβας γ γ ιβ, τιμῆςτειμῆς ὡς τῆς ἀρτάβης ἑκάστης η, τὰς συνα γομένας δραχμὰς κζ διώβολον πλήρης, ἀκολούθως τῷ ἐπιστάλματι, οὗ χρόνος Μεχεὶρ ιδ. ἔτους ιη Αὐτοκράτορος Καίσαρος Τίτου Αἰλίου Ἁδριανοῦ Ἀντωνίνου Σεβαστοῦ Εὐσεβοῦς, Μεχεὶρ ιε. Πενφερὼς Πτόλειδος ἀπέχω, καθὼς πρό κειται.","Σαβείνῳ καὶ μετόχοις δη μοσίοις τραπ εζίταις Πνεφερὼς Πτόλλιδος δη μόσιος κτηνοτρόφος κώ μης Κερκεσού χων Ἡρακ λείδου μερίδος. ἀπέ χω παρʼ ὑμῶν τὰς ἐπισταλ είσας μοι ὑπὸ Πτολ εμαίου βασιλ ικοῦ γρ α μματέως Πολ έμωνος διαδεχομ ένου τὴν στρα τηγίαν τῆς Θεμ ίστου ηεμ καὶ Πολ έμωνος μερίδων ὑπὲρ φο ρέτρων, ἧς ἐποιησάμ ην ἀπ ε ρ γασί ας ἀπὸ θησαυρῶν Πο λέμωνος μερίδος ἐπὶ σ ο ί , ἀπὸ γ εν ήμ ατος 17 ἔτους Ἀντωνίνου Καίσαρος τοῦ κυρίου πυροῦ ἀρτάβας 3 1/3 1/12 , τιμῆς τειμῆς ὡς τῆς ἀρτάβης ἑκά στης 8 , τὰς συνα γομ ένας δραχμὰς 27 2 πλήρης, ἀ κολ ούθως τῷ ἐπιστάλματι, οὗ χρόνος Μεχεὶρ 14 . ἔτους 18 Αὐτοκράτορος Καίσαρος Τίτου Αἰλίου Ἁδριανοῦ Ἀντωνίνου Σεβαστοῦ Εὐσεβοῦς, Μεχεὶρ 15 . Πενφερὼς Πτόλ ειδ ος ἀπέχω, καθὼς πρό κειται."
p.berl.frisk;;1,30,Bankakten aus dem Faijûm,Ptolemais Euergetis (Arsinoites),7. Febr. 155,0155-02-07,,,155.0,150,yes,4 αρταβασ,34 δραχμαι,4.0,34.0,8.5,"Δείῳ καὶ Σαβείνῳ γεγυμνασιαρχηκότι καὶ μετόχοις δημοσίος τραπεζίταις. Ἥρων Ἁρπάλου ἰδιωτικὸς κτηνοτρόφος κώμης Κερκεσούχων τῆς Ἡρακλείδου μερίδος ἀπέχω παρʼ ὑμῶν τὰς ἐπισταλείσας μοι ὑπὸ Πτολεμαίου βασιλικοῦ γραμματέως Πολέμωνος διαδεχομένου καὶ τὰ κατὰ τὴν στρατηγίαν Θεμίστου καὶ Πολέμωνος ὑπὲρ φορέτρων πυροῦ ἀπεργασίας γενομένης ἐπὶ σοὶ γενήματος αζ ἔτους πυροῦ ἀρτάβας δ δ, τιμῆςτειμῆς ὡς τῆς ἀρτάβης ἑκάστης η, τὰς συναγομένας ἀργυρίου δραχμὰς τριάκοντα τέσσαρες, γίνονται δραχμαὶ λδ. ἐγράφη διὰ Μαρίωνος νομογράφου, φαμένου μὴ εἰδέναι γράμματα. καί ἐστι ὡς ἐτῶν λζ, οὐλὴ δακτύλῳ δευτέρῳ χειρὸςχιρὸς δεξιᾶς. ἔτους ιη Ἀντωνίνου Καίσαρος τοῦ κυρίου Μεχεὶρ ιη.","Δείῳ καὶ Σαβείνῳ γε γυμ νασιαρχηκότι καὶ μετόχ οις δημ οσίος τραπ εζίταις . Ἥρων Ἁρπάλου ἰδιωτι κ ὸς κτηνοτ ρόφος κώμ ης Κερκεσούχ ων τῆς Ἡρακλείδ ου μερίδος ἀπέχω παρʼ ὑμῶν τὰς ἐπισταλ είσας μοι ὑπὸ Πτολ εμαίου βασιλ ικοῦ γρα μματέως Πολ έμωνος διαδεχ ομένου καὶ τ ὰ κατὰ τ ὴν στρα τηγίαν Θε μίστου καὶ Πολ έμωνος ὑπ ὲρ φο ρέτρων πυροῦ ἀπεργ ασίας γε ν ομένης ἐπὶ σοὶ γενή ματος 1 7 ἔτους πυροῦ ἀρτάβας 4 1/4 , τιμῆς τειμῆς ὡς τῆς ἀρτάβης ἑκά στης 8 , τ ὰς συν αγ ομ ένας ἀργ υρί ου δραχμὰς τριάκοντα τέσσαρες, γίνονται δραχμαὶ 34 . ἐγρ άφη δι ὰ Μαρί ωνος νο μογράφου , φαμ ένου μὴ εἰδ έναι γρ άμματα . καί ἐστ ι ὡς ἐτῶν 37 , οὐ λὴ δακ τύλῳ δευτέρῳ χει ρὸς χι ρὸς δεξιᾶς. ἔτους 18 Ἀντω νίνου Καίσαρος τοῦ κυρ ίου Μεχεὶρ 18 ."
p.berl.frisk;;1,31,Bankakten aus dem Faijûm,Ptolemais Euergetis (Arsinoites),7. Febr. 155,0155-02-07,,,155.0,150,yes,7 αρταβασ,56 δραχμαι,7.0,56.0,8.0,"Δείῳ καὶ Σαβίνῳ γεγυμνασιαρχηκότι καὶ μετόχοις δημοσίοις τραπεζίταις. Ἀκοῦς Ἀρείου ἰδιωτικὸς κτηνοτρόφος κώμης Καλλιφάνους ἐποικίου ἀπέχω παρʼ ὑμῶν τὰς ἐπισταλείσας μοι ὑπὸ Πτολεμαίου βασιλικοῦ γραμματέως Πολέμωνος μερίδος διαδεχομένου καὶ τὰ κατὰ τὴν στρατηγίαν Θεμίστου καὶ Πολέμωνος μερίδων ὑπὲρ φορέτρων πυροῦ ἀπεργασίας γενομένης ἀπὸ θησαυρῶν Πολέμωνος γενήματος ιζ ἔτους πυροῦ ἀρτάβας ζ, τιμῆςτειμῆς ὡς τῆς ἀρτάβης ἑκάστης η, τὰς συναγομένας ἀργυρίου δραχμὰς πεντήκοντα ἕξ, γίνονται δραχμαὶ νϛ. ἐγράφη διὰ Μαρίωνος νομογράφου, φαμένου μὴ εἰδέναι γράμματα. καί ἐστι ὡς ἐτῶν νϛ, οὐλὴ ὑπ ὀφθαλμὸν ἀριστερόν. ἔτους ιη Ἀντωνίνου Καίσαρος τοῦ κυρίου Μεχεὶρ ιηα.","Δείῳ καὶ Σαβίνῳ γεγυμ νασιαρχηκότι καὶ με τόχοις δημ οσίοις τραπ εζίταις . Ἀκοῦς Ἀρείου ἰδιωτικὸς κτηνοτ ρόφος κώμ ης Καλλιφάνους ἐ ποικ ίου ἀπέχω παρʼ ὑμῶν τὰς ἐπισταλ είσας μοι ὑπὸ Πτολ εμαίου βασιλ ικοῦ γρα μματέως Πολ έμωνος μερίδ ος διαδεχ ομένου καὶ τὰ κατὰ τ ὴν στρα τηγίαν Θε μίστου καὶ Πολ έμωνος μερίδ ων ὑπὲρ φο ρέτρων πυροῦ ἀπεργ ασίας γεν ο μ ένης ἀ π ὸ θησαυ ρῶν Πολ έμωνος γενή ματος 17 ἔτους πυροῦ ἀρτάβας 7 , τιμῆς τειμῆς ὡς τῆς ἀρτάβης ἑκά στης 8 , τὰς συναγομ ένας ἀργυρίου δραχμὰς πεντήκοντα ἕξ, γίνονται δραχμαὶ 56 . ἐγρ άφη δι ὰ Μαρί ωνος νομ ογράφου , φαμ ένου μὴ εἰδ έναι γρ άμματα . καί ἐστ ι ὡς ἐτῶν 56 , οὐλ ὴ ὑπ ὀφ θαλμὸν ἀρ ιστερόν . ἔτους 18 Ἀντω νίνου Καίσαρος τοῦ κ υρίου Μεχεὶρ 18 1 ."
p.berl.frisk;;1,32,Bankakten aus dem Faijûm,Ptolemais Euergetis (Arsinoites),7. Febr. 155,0155-02-07,,,155.0,150,yes,4 αρταβασ,32 δραχμαι,4.0,32.0,8.0,"Δείῳ καὶ Σαβίνῳ γεγυμνασιαρχηκότι καὶ μετόχοις δημοσίοις τραπεζίταις. Ἀκοῦς Ἀρείου ἰδιωτικὸς κτηνοτρόφος Καλλιφάνους ἐποικίου ἀπέχω παρʼ ὑμῶν τὰς ἐπισταλείσας μοι ὑπὸ Πτολεμαίου βασιλικοῦ γραμματέως Πολέμωνος διαδεχομένου καὶ τὰ κατὰ τὴν στρατηγίαν τῶν β μερίδων ὑπὲρ φορέτρων πυροῦ ἀπεργασίας γενομένης ἀπὸ θησαυρῶν Πολέμωνος γενήματος ιζ ἔτους πυροῦ ἀρτάβας δ, τιμῆςτειμῆς ὡς τῆς ἀρτάβης ἑκάστης η, τὰς συν αγομένας ἀργυρίου δραχμὰς τριάκοντα δύο, γίνονται δραχμαὶ λβ. ἐγράφη διὰ Μαρίωνος νομογράφου, φαμένου μὴ εἰδέναι γράμματα. καί ἐστι ὡς ἐτῶν νϛ, οὐλὴ ὑπ ὀφθαλμὸν ἀριστερὸν. ἔτους ιη Ἀντωνίνου Καίσαρος τοῦ κυρίου Μεχεὶρ α.","Δείῳ καὶ Σαβίνῳ γεγυμ νασιαρχηκότι καὶ μετόχ οις δημ οσίοις τραπ εζίταις . Ἀκοῦς Ἀρείου ἰδι ωτ ικὸς κτηνοτρόφος Καλλιφάνους ἐποικίου ἀπ έ χω παρʼ ὑμῶν τὰς ἐπισταλ είσας μοι ὑπὸ Πτολ εμαίου βασιλ ικοῦ γρα μματέως Πολ έμωνος διαδεχ ομένου καὶ τὰ κατὰ τ ὴν στρα τηγίαν τῶν 2 μερίδ ων ὑπ ὲρ φο ρέτρων πυροῦ ἀ π ερ γ ασίας γενομ ένης ἀπὸ θησ αυρῶν Πολ έμωνος γε ν ή ματος 17 ἔτους πυροῦ ἀρτάβας 4 , τιμῆς τειμῆς ὡς τῆς ἀρτάβης ἑκά στης 8 , τὰς συν αγομ ένας ἀργ υρίου δραχμὰς τρι ά κ ο ν τ α δύο, γίνονται δραχμαὶ 32 . ἐγρ άφη δ ι ὰ Μαρ ί ωνος νομ ογράφου , φαμ ένου μὴ εἰ δέναι γρ άμματα . καί ἐστ ι ὡς ἐτῶν 56 , οὐλ ὴ ὑπ ὀφ θαλμὸν ἀρ ιστερὸν . ἔτους 18 Ἀντω νίνου Κ α ίσαρος τοῦ κυρίου Μεχεὶρ 1 ."
p.berl.frisk;;1,33,Bankakten aus dem Faijûm,Ptolemais Euergetis (Arsinoites),7. Febr. 155,0155-02-07,,,155.0,150,yes,2 αρταβασ,16 δραχμαι,2.0,16.0,8.0,"Δείῳ καὶ Σαβείνῳ γεγυμνασιαρχηκότι καὶ μετόχοις δημοσίοις τραπεζίταις. Πας Π κτη νοτρόφος κώμης τοῦ Ἡρακλεοπολίτου νομοῦ ἀπέχω παρʼ ὑμῶν τὰς ἐπισταλείσας μοι ὑπὸ Πτολεμαίου βασιλικοῦ γραμματέως Πολέμωνος μερίδος διαδεχομένου καὶ τὰ κατὰ τὴν στρατηγίαν Θεμίστου καὶ Πολέμωνος μερίδων ὑπὲρ φορέτρων πυροῦ ἀπεργασίας γενομένης ἐπὶ Δημητρίῳ τῷ καὶ Ἁρποκρατίωνι γενήματος ιζ ἔτους πυροῦ ἀρτάβας β, τιμῆςτειμῆς ὡς τῆς ἀρτάβης ἑκάστης η, τὰς συναγομένας ἀργυρίου δραχμὰς δεκαέξ, γίνονται δραχμαὶ ιϛ. ἐγράφη διὰ Μαρίωνος νομογράφου, φαμένου μὴ εἰδέναι γράμματα. καί ἐστι ὡς ἐτῶν λ, οὐλὴ γόνατι δεξιῷ. ἔτους ιη Ἀντωνίνου Καίσαρος τοῦ κυρίου Μεχεὶρ ιη.","Δείῳ κ αὶ Σαβείνῳ γεγ υμ νασιαρχηκότι καὶ με τόχ οις δημ οσίοις τραπ εζίταις . Πα ς Π κτ η ν οτ ρ όφ ο ς κώ μη ς τοῦ Ἡρακλ εο πολ ίτου νομο ῦ ἀ πέχω παρʼ ὑμῶν τὰς ἐπισταλ είσας μοι ὑπὸ Πτολ εμαίου βασιλ ικοῦ γρα μματέως Πολ έμωνος μερίδ ος διαδ εχ ομένου καὶ τὰ κ ατὰ τ ὴν στρα τηγίαν Θε μίστου καὶ Πο λ έμωνος μερίδ ων ὑπ ὲρ φο ρέτρων πυρο ῦ ἀπεργ ασίας γενομ ένης ἐπὶ Δημητρίῳ τῷ καὶ Ἁρπο κ ρατίωνι γενή ματος 17 ἔτους πυροῦ ἀρτάβας 2 , τιμῆς τειμῆς ὡς τῆς ἀρτάβης ἑκά στης 8 , τὰς συναγομ ένας ἀ ργ υρίου δραχμὰς δεκαέξ, γίνονται δραχμαὶ 16 . ἐγρ άφη δι ὰ Μαρί ωνος νομ ογράφου , φα μένου μ ὴ εἰ δέναι γρ άμματα . καί ἐστ ι ὡς ἐτῶν 30 , οὐλ ὴ γόνατ ι δεξ ιῷ . ἔτους 18 Ἀντω νίνου Καίσαρος τοῦ κυρίου Μεχεὶρ 18 ."
bgu;3;800,1,keiner,Arsinoites,30. Jan. 158,0158-01-30,,,158.0,150,no,5 αρταβαι,100 δραχμαι,5.0,100.0,20.0,"Σωτᾶς Παπεῖτος καὶ Σωτᾶς ὁ καὶ Τρύφων Ὀννώφρι Πακύσεως χαίρεινχαίριν. ὁμολογοῦμεν κατὰ τοῦ το τὸ χειρόγραφον ἔχειν παρὰ σοῦ ἀργυρίου δραχμὰς ἑκατὸν καὶ πυροῦ ἀρτάβας πέντε, γίνονται δραχμαὶ ρ πυροῦ ἀρτάβαι ε, ἃς καὶ ἀποδώσομενἀποδώσωμεν ἐν μη νὶ Παῦνι τοῦ ἐνεστῶτος πρώ του καὶ εἰκοστοῦ ἔτους Ἀντωνίνου Καίσαρος τοῦ κυρίου Μεχεὶρ ε. Σωτᾶς ὁ καὶ Τρύφων συν ἀποδώσω καθὼς πρόκιται Σωτᾶς Παπεῖτος καὶ Σωτᾶς ὁ καὶ Τρύφων Ὀννώφρι Πακύσεως χαίρεινχαίριν. ὁμολογοῦμεν κατὰ τοῦτο τὸ χειρόγραφον ἔχειν παρὰ σοῦ ἀργυρίου δραχμὰς ἑκατὸν καὶ πυροῦ ἀρτάβας πέν τε, γίνονται δραχμαὶ ρ πυροῦ ἀρτάβαι ε, ἃς καὶ ἀποδώ σομενἀποδώσωμεν ἐν μηνὶ Παῦνι τοῦ ἐνεστῶτος πρώτου καὶ εἰκοσ τοῦ ἔτους Ἀντωνίνου Καί σαρος τοῦ κυρίου Μεχεὶρ ε. Σωτᾶς ὁ καὶ Τρύφων συναποδώσω καθὼς πρόκιται","Σωτᾶς Παπεῖτος καὶ Σωτᾶς ὁ καὶ Τρύφων Ὀννώφρ ι Πακύσεως χαίρειν χαίριν . ὁμολογοῦμεν κατὰ το ῦ το τὸ χειρόγραφον ἔ χειν παρὰ σοῦ ἀρ γυ ρίο υ δραχμὰς ἑκα τὸ ν κα ὶ πυρ ο ῦ ἀρτά βα ς π έν τ ε , γί νονται δραχμαὶ 100 πυροῦ ἀρτάβαι 5 , ἃς καὶ ἀποδώσομεν ἀποδώσωμεν ἐν μη νὶ Παῦνι τοῦ ἐνεστῶτος πρώ του κα ὶ εἰκοστοῦ ἔτους Ἀντωνί νου Καίσαρος το ῦ κυρίου Μεχεὶρ 5 . Σω τᾶ ς ὁ καὶ Τ ρ ύφων συν ἀποδώσω καθὼς πρόκιται Σωτᾶς Παπεῖτ ο ς καὶ Σωτᾶς ὁ καὶ Τρύφων Ὀννώφρι Πακύσεως χαίρειν χαίριν . ὁμολογοῦμεν κατὰ το ῦτο τὸ χειρόγραφον ἔχειν παρὰ σοῦ ἀργυρίου δραχμὰς ἑκατὸ ν καὶ πυροῦ ἀρτάβας πέν τε, γί νονται δραχμαὶ 100 πυροῦ ἀρτάβαι 5 , ἃς καὶ ἀποδώ σομεν ἀποδώ σωμεν ἐν μηνὶ Παῦνι τοῦ ἐνεστῶτος πρώτου καὶ εἰκ ο σ τοῦ ἔ το υς Ἀ ντωνίνου Καί σαρος τοῦ κυρ ί ου Μεχεὶρ 5 . Σωτᾶς ὁ καὶ Τρύφων συναποδώσω καθὼ ς πρόκιται"
p.oxy;49;3473,1,"Declaration of Temple Property, etc.",Oxyrhynchos,161 - 169,,0161,0169,165.0,150,no,12 αρταβαι,48 δραχμαι,12.0,48.0,4.0,"Ἀπόλλωνος κλειτου καὶ τῶν συν νάων θεῶν με ἱεροῦ λογίμου τοῦ ὄντος ἐν τῇ αὐτῇ Πέλα. γραφὴ ἀναθη μάτων καὶ προσόδων τοῦ ἐνεστῶτος ἔτους τῶν κυρίων Αὐτοκρατόρων Μάρκου Αὐρηλίου Ἀντωνίνου καὶ Λουκίου Αὐρηλίου Οὐήρου, ὧν ἐστιν τὸ καθʼ ἕν· ἀνδριάντες Ἀπόλλωνος ἱερακομόρφου χαλκοῖ γ ἐν θήκαις ξυλίναις γ, ἱέρακες χαλκοῖ γ, ὧν β διακολληθέντες χυτῷ λίθῳ, λυχνίαι χαλκαῖ μικραὶμεικραὶ γ, αυτομενις ξυλιν περικεχρυσωμεν α, σάλπιγγες χαλκαῖ ἱερατικαὶ β, βωμὸς λίθινος α, βωμὸς ἕτερος χαλκοῦς αρτ α, βωμὸς ἐν τῷ δρόμῳ χαλκοῦς α. ἔστι δὲ τοῦ προπυλαίου τοῦ ἱεροῦ θύρα περικεχαλκισμένη τὸ ἔμπρο σθεν α, ᾗ ἐνκεκο προτομαὶ χαλκαῖ β Σαράπιδος καὶ Ἀπόλλωνος, θυμια τήρια χαλκᾶ σαλπιγγωτὰ δ, Βησᾶς χαλκοῦς α, πυρην σιδηρ α, λαβὶς ὁμοίως α, καὶ ἐν τῷ μεγάλῳ προπυλαίῳ θύρα περικεχαλκισμένη α. καὶ λαμ βάνω παρὰ τῶν ἱερέων ταῖς ἐπω νύμοις ἡμέραις μέτρα χαλκᾶ ἱερατικὰ β σὺν τροχίσκῳ σιδηρῷ α, ἃ παραδί δωμι αὐτοῖς μετὰ τὴν ἑορτὴν. ὑπό κειται δέ μοι παρὰ τῶν τοῦ ἱεροῦ ἱερέων κατὰ διαδοχὴν ἕκαστος παρητ ἐν τῇ ἁγνείᾳ τοῦ θεοῦ καὶ τοῦ ἱεροῦ εἰς δια τροφὴν αἱ συνήθως διδόμεναι παστοφόρῳ ὑπηρετοῦντι τῷ ἱερῷ πυροῦ ἀρτάβαι ιβ, αἳ καὶ διὰ λόγου τῶν ἱερέων ἀναλαμβάνονται, καὶ ἀπὸ δρα γματολογ καὶ παρὰ τῶν τῆς κώμης γε ωργῶν καὶ κληρούχων βουλομένων διδόναι κατʼ εὐσέβειαν ἀπὸ τῶν παλαιῶν χρόνων ἐξ οὗ συνάγονται πυροῦ ἀρτάβαι καὶ ἀργυρίου δραχμαὶ μη, ἀνθʼ ὧν ἀναλώματος· εἰς ἐπιστατικὸν ἱερτωκατατ vestiges φιλανθρω των των","Ἀπόλλωνος κλ ε ιτου καὶ τῶν συν νάων θεῶν με ἱεροῦ λογίμου τοῦ ὄντος ἐν τῇ α ὐτῇ Πέλα. γραφὴ ἀνα θ η μάτων καὶ προσόδ ων τοῦ ἐνεστ ῶτος ἔτους τῶν κυρίων Α ὐτ οκρατόρων Μάρκου Αὐρηλίου Ἀν των ίνου καὶ Λουκίου Αὐρηλίου Οὐήρου, ὧν ἐστιν τὸ καθʼ ἕν· ἀνδριάντες Ἀπόλλωνος ἱερακομό ρφου χαλ κοῖ 3 ἐν θήκαις ξυλ ίναις 3 , ἱέρακες χαλ κοῖ 3 , ὧν 2 διακολ ληθέντες χυτῷ λίθῳ, λυχνίαι χαλ καῖ μικ ραὶ μεικ ραὶ 3 , αυτομενις ξυλ ιν περικεχ ρυσωμεν 1 , σάλ πιγγες χαλ καῖ ἱερατικ αὶ 2 , βωμὸς λίθ ινος 1 , βωμὸς ἕτ ερος χαλ κοῦς αρτ 1 , βωμὸς ἐν τῷ δρόμῳ χαλ κοῦς 1 . ἔστι δὲ τοῦ προπυλ αίου τοῦ ἱεροῦ θύρα περικεχαλ κισμένη τὸ ἔμπρο σθεν 1 , ᾗ ἐνκεκο προτομ αὶ χαλ καῖ 2 Σαράπιδος καὶ Ἀπόλλωνος, θυμια τήρια χαλ κᾶ σαλ πιγγωτὰ 4 , Βησᾶς χαλ κοῦς 1 , πυρην σ ιδ η ρ 1 , λαβὶς ὁμοί ως 1 , καὶ ἐν τῷ μεγάλ ῳ προπυλ αίῳ θύρα περικεχαλ κισμένη 1 . καὶ λαμ βάνω παρὰ τῶν ἱερέων ταῖς ἐπω νύμ οις ἡμέραις μέτρα χαλ κᾶ ἱερατικὰ 2 σὺν τροχίσκῳ σιδηρῷ 1 , ἃ παραδί δωμι αὐτοῖς μετὰ τὴν ἑορτὴν. ὑ πό κειται δέ μοι παρὰ τῶν τοῦ ἱ εροῦ ἱερ έων κατὰ διαδοχὴν ἕκαστος πα ρ ητ ἐν τῇ ἁγνείᾳ τοῦ θεοῦ καὶ τοῦ ἱεροῦ εἰς δια τροφὴν αἱ συνήθως διδόμ εναι παστοφό ρῳ ὑπηρετο ῦντι τῷ ἱερῷ πυροῦ ἀρτάβαι 12 , αἳ καὶ διὰ λόγ ου τῶν ἱερέων ἀναλαμβ άνονται , καὶ ἀπὸ δρα γματολ ογ καὶ παρὰ τῶν τῆς κώμης γε ωργῶν καὶ κληρούχ ων βουλομ ένων διδόναι κατʼ εὐσέβειαν ἀπὸ τῶν παλ αιῶν χρόνω ν ἐξ οὗ συνάγο νται πυροῦ ἀρτάβαι καὶ ἀργ υρίου δραχμαὶ 48 , ἀνθʼ ὧν ἀναλ ώματος · εἰ ς ἐπιστατικ ὸν ἱερ τω κ ατα τ vestiges φιλανθρω των των"
o.bodl;2;979,1,keiner,Theben,22. Okt. 175 (Jahr unsicher),0175-10-22,,,175.0,175,yes,1 αρταβησ,12 δραχμαι,1.0,12.0,12.0,Φαῶφι κδ τοῦ ιϛ ἔτους ἔσχον εἰς πρόσθεσιν τιμὴν πυροῦ ὀνόματος ΜέλανοςΜελας Τηιονχώνσιος ἀπὸ πυροῦ ἀρτάβης 𐅵 ιβ ἐπὶ λόγου δραχμὰς δώδεκα γίνονται δραχμαὶ ιβ. Πα σεσημείωμαι. Κ σεσημείωμαι.,Φαῶ φι 24 τοῦ 16 ἔτους ἔσχ ον εἰς πρ όσ θ εσιν τιμὴν πυροῦ ὀνό ματος Μέλανος Μελας Τηιονχώνσιο ς ἀπὸ πυροῦ ἀρτάβης 1/2 1/12 ἐ π ὶ λ ό γου δραχ μὰς δώδεκα γίνονται δραχμαὶ 12 . Πα σ εσ η μείωμαι . Κ σ εσ η μείωμαι .
p.oxy;17;2112,1,List of Judicial Decisions,Arsinoites (?),spätes II,,0176,0200,188.0,175,no,134 αρταβων,1 χαλκων;2217 δραχμων;2 χαλκων,134.0,2217.0,16.544776119402986,περὶ σεω προς ὑπο εἴσπραξις προκηρυχθήτωπροκηρυχθήτωι καὶ δηλωθήτωι περί τινων ἐκκειμένων ἀποτι ὑπαρχόντων ὑπὸ δραχμῶν Βσιζ ὀβολοῦ χαλκῶν β. πραχθήτωσανπραχθητωιαν. περὶ οἴνου καὶ φοινίκων λοιπογραφουμένωνλοιππογραφουμένων ἄχρι πράσεως ὑπὸ πυροῦ ἀρταβῶν ρλδ δ. πραχθήτω. β τοπαρχίας· περί τινων κατηγορηθέντων ἐπικρατεῖν ὑπαρχόντων Λόνγου καὶ παραχειρογραφησάντων νααν οἱ ἐνες,περὶ σ εω προ ς ὑπ ο ε ἴ σ π ρ αξις π ρ οκηρυχθήτω π ρ οκηρυχθήτωι καὶ δηλωθήτ ωι περί τινων ἐκκειμένων ἀποτι ὑπαρχόντων ὑπὸ δραχμῶν 2217 1 χαλκῶν 2 . πραχθήτωσαν πραχθητωιαν . περὶ οἴνου καὶ φοι νίκων λοιπογρα φουμένων λοιππογρα φουμένων ἄχρι πράσεως ὑπὸ πυροῦ ἀρταβῶν 134 1/4 . πραχθήτ ω . 2 τοπ αρχίας · περί τινων κατηγορηθ έντων ἐπικρατεῖν ὑπαρχόντων Λόνγου καὶ παραχειρογρα φησάντων να α ν οἱ ἐν ε ς
o.ashm;;91,1,keiner,unbekannt,I - IV,,0001,0400,200.0,200,yes,2 αρταβαι,18 δραχμαι,2.0,18.0,9.0,τιμὴ πυροῦ ἀρτάβαι β κέρματος δραχμαὶ ιη χ,τι μ ὴ πυροῦ ἀρτάβαι 2 κέρμ ατος δραχμαὶ 18 χ
bgu;2;362,7,keiner,Arsinoites,215 - 216,,0215,0216,216.0,200,no,8 αρταβ,8 δραχμαι,8.0,8.0,1.0,πράκτορι κώμης Πτολεμαίδος κώμῃ τῇ αὐτῇ ὑπὲρ μ γρ τερ μισθ ακοδ ωχ συμβολ πυροῦ ἀρτάβ η ἑκάστης δραχμαὶ η λείων Καρποκράτου στέψεως πάν των ἐν τῷ ἱερῷ ὡς πρόκειται δραχμαὶ ἐλαίου εἰς λυχναψίαν ἐν τῷ σηκῷ δραχμαὶ στροβίλωνστροβείλων καὶ ἀρωμάτων καὶ δραχμαὶ εως Ηρω μητρὸς Κα ἐλαίου εἰς λυχναψίαν ἐν τῷ σηκῷ δραχμαὶ,πράκτορι κώ μης Πτολεμαίδος κώ μῃ τῇ αὐτ ῇ ὑπ ὲρ μ γρ τ ερ μ ισθ α κ οδ ωχ συμβολ πυροῦ ἀρτάβ 8 ἑκ άστης δραχμαὶ 8 λε ίων Καρποκράτ ο υ στέ ψεως πάν των ἐ ν τῷ ἱερῷ ὡς πρόκ ειται δραχμαὶ ἐλαίο υ εἰς λυχναψίαν ἐν τῷ σ ηκῷ δραχμαὶ στροβ ίλων στροβ είλων καὶ ἀρωμάτων καὶ δραχμαὶ εως Ηρω μητρὸ ς Κα ἐλαίο υ εἰς λυ χναψία ν ἐν τῷ σηκῷ δραχμαὶ
bgu;1;8,1,keiner,Arsinoites,24. Aug. 248 (Jahr unsicher),0248-08-24,,,248.0,225,no,444 αρταβαι,412 δραχμαι,444.0,412.0,0.9279279279279279,τάλαντον δραχμαὶ υιβ νου βοηθήσεσθαικρηθσθαι τοῦ καιροῦ τῆς συνκομιδῆς ει ποίησον τὰ ἄλλα καὶ νειας τὰ ὀφειλό Ζωίλωι υ ἐνεχόμενα πλωσιν παρακειμένης ἀναπέμψαι ἡμῖνἡμεῖν ἕως οὕτω γὰρ εειπε ασ Θεμίστους τοῦ καὶ Πολέμωνος ἐρρῶσθαι ὑμᾶς εὔχομαι Σεπτιμίου Ἀμμωνίου αὐτὸν καὶ Σερήνου δηλοῦντος ἡνίκα ἦν πρὸς ἀπὸ τῆς βουλῆς πυροῦ ἀρτάβαι υμδ υ ἐχόμενα τὰ πρὸς στρατηγὸς Σεπτίμιος τὸν ἑπόμενονεπομενο αιτετεαι νῦν κεκτῆσθαι γενημάτων π,τάλαντον δραχμαὶ 412 νου βοηθ ήσε σθαι κρηθ σθαι το ῦ καιροῦ τῆς συνκομιδῆς ει ποίησον τὰ ἄλλα καὶ νειας τὰ ὀφειλό Ζωίλ ω ι υ ἐνεχόμενα πλω σ ιν παρακειμένης ἀν απέμψαι ἡμῖν ἡμεῖν ἕως οὕτω γὰρ ε ειπε ασ Θεμί στου ς τοῦ καὶ Πολέμ ωνος ἐρ ρῶσθαι ὑμᾶς εὔχ ομα ι Σεπ τιμίου Ἀμμωνίου αὐτὸν καὶ Σερή νο υ δηλοῦντος ἡνίκα ἦν πρὸς ἀπ ὸ τῆς βουλῆς πυροῦ ἀρτάβαι 444 υ ἐχόμενα τὰ πρὸς στ ρατηγὸς Σεπτίμιος τὸν ἑπόμενον επομενο αιτε τεαι νῦν κεκτῆ σθ αι γενημάτων π
bgu;7;1623,1,Bruchstück einer Aufstellung von Grundbesitzern mit Angabe von Besitzstücken zu Steuerzwecken,Philadelphia (Arsinoites),III,,0201,0300,250.0,250,no,236 αρταβαι,3000 δραχμαι,236.0,3000.0,12.711864406779661,"γίνονται δραχμαὶ Γ γρα δεσποτῶνδεσπποτῶν ἐπάνω, ὡς πρόκειται, κολλήματος β σφραγ ἀβρόχου αἱ λοιπαὶ ἰδιωτικ ἄρουραι ρξ 𐅵 δ λβ πυροῦ ἀρτάβαι σλϛ γ κδ μη. σὺν τοῖς οὖσι κατὰ μέρος ὑδραγωγοῖς καὶ δος καὶ ἐποικίοις κατα νότου δημοσια δος καὶ ἐπί τι μέρος ὄρος καὶ ἄλλος βορρᾶ διῶρυξ Θνεπιτις λεγομένη εἰσαγο ἰσαγο ἀπηλιώτου διῶρυξ μεθ συνα Φιλωτερίδος λιβὸς ὑδραγωγός.","γ ίνονται δραχμαὶ 3000 γρα δεσποτῶν δεσπποτῶν ἐπάνω, ὡς π ρόκειται , κολ λήματος 2 σ φρα γ ἀβρόχου αἱ λοιπ αὶ ἰδιωτικ ἄρουραι 160 1/2 1/4 1/32 πυροῦ ἀρτάβαι 236 1/3 1/24 1/48 . σὺν τοῖς οὖσι κατὰ μέρος ὑδραγωγοῖς καὶ δ ο ς καὶ ἐποικίοις κατα νό του δημοσια δ ο ς καὶ ἐπί τι μέρος ὄρος καὶ ἄ λ λος β ο ρρᾶ διῶρ υξ Θ ν επιτις λεγο μένη εἰσαγο ἰσαγο ἀ πηλ ιώτου διῶ ρ υξ μεθ συν α Φιλω τερίδος λιβ ὸ ς ὑδραγωγ ό ς."
o.cair;;139,1,Lettera,Oberägypten,III,,0201,0300,250.0,250,no,1 αρταβησ,40 δραχμασ,1.0,40.0,40.0,ι γαμβρῷ χαίρειν. σοι ἀρκεῖ τὸ διπλοῦν καὶ ὑπὸ σοῦ ὅσα εἰρη υ ἔλεγες περὶ ἐμοῦ θως οὐκ ἄλλοἔλεγε ἔλεγες ον μοι πέμψε τὰς ἀργυρίου δραχμὰς μ καὶ πυροῦ ἀρτάβης d ἐπεὶἐπὶ κατάκειμαι κραβάκτῳ. ἐπεὶἐπὶ οὐκ ἤμην ἐν ἀσθενείᾳἀσθενίᾳ ἔμελλονἔμελόνἔμελόν σε ἐλθεῖν. ἰδοὺεἰδοὺ ἐποίησάς μεμοι ἐχθρὸν εἶναι τῷ Κτίστῃ ἰατρῷ καὶ τῇ γυναικὶ αὐτοῦ. ἐρρῶσθαι εὔχoμαιεὔχoμαιεὔχωμαι,ι γαμβρῷ χαίρειν. σοι ἀρκεῖ τὸ διπλοῦ ν καὶ ὑπὸ σοῦ ὅσ α εἰρη υ ἔλεγες περὶ ἐμοῦ θως οὐκ ἄλλο ἔλεγε ἔλεγες ον μοι πέμψε τὰς ἀργ υρίου δραχμὰς 40 καὶ πυροῦ ἀρτάβης 1/4 ἐπεὶ ἐπὶ κατάκειμαι κραβάκτῳ. ἐπεὶ ἐπὶ οὐκ ἤμην ἐν ἀ σ θενείᾳ ἀ σ θενίᾳ ἔμελλον ἔμελόν ἔμελόν σε ἐλθεῖν. ἰδοὺ εἰδοὺ ἐποίησάς με μοι ἐχθρὸ ν εἶναι τῷ Κτίστῃ ἰ ατρῷ καὶ τῇ γυ ναικὶ αὐτοῦ. ἐρρῶσθαι εὔχoμ αι εὔχoμαι εὔχωμ αι
p.oxy;63;4356,1,Fragment of Register of Land and Rents,Oxyrhynchos,III,,0201,0300,250.0,250,no,5 αρταβασ,40 δραχμασ,5.0,40.0,8.0,"κωμητῶν ὁμοίως Ἄνω τοπαρχίας Πατερμοῦθις λεπρὸς κωμάρχης τοῦ ἐνε στῶτος α ἔτους ὀφείλει ὑπὲρ ἐκφορίων περὶ κώμην Σενῦριν ἐκ τοῦ Ἀπολλωνίου πυροῦ χοίνικας ἓξ 𐅵 ἀνὰ πυροῦ ἀρτάβας ε καὶ δραχμὰς μ ἀρουρῶν δ προετελοῦντο δὲ ἐκφορίων πυροῦ ἐν θέματι δημοσίῳ ἀνυπάρκτων ὁμοίως καὶ μ πρότερον Παυσανίου τοῦ καὶ Φιλοσαράπιδος ἐκ τοῦ Διονυσίου ἱππικοῦ κλήρου κ Ἐντείως. Πατᾶς Κολλούθου ὀφείλει ὑπὲρ ἐκφορίων καὶ φόρων τοῦ ἐνεστῶτος α ἔτους πρότερον Παυ σανίου τοῦ καὶ Φιλοσαράπιδος ἐκ τοῦ κολλήματος ϛ, ἀπὸ ἀρουρῶν η 𐅵 φακῷ καὶ χόρτῳ ἀπὸ ἀρουρῶν β δ η ϛ ξδ φακῷ χόρτῳ ἀρουρ γίνονται φακῷ καὶ χόρτῳ ἄρουραι γ δ, ἀβρόχου καὶ ἀσπόρου κατὰ συμφωνίανσυνφωνίαν γενομένην τῷ διελθόντι ἔτει πυροῦ","κωμητῶν ὁμοίως Ἄνω τ ο παρχίας Πατερμ ο ῦθις λεπρὸς κωμάρ χης τοῦ ἐνε στῶτος 1 ἔτους ὀφείλ ει ὑπὲρ ἐκφορί ων περὶ κώμην Σενῦριν ἐκ τ οῦ Ἀπολλωνίου πυροῦ χο ίνικας ἓξ 6 1/2 ἀν ὰ πυροῦ ἀρτάβας 5 καὶ δραχμὰς 40 ἀρουρῶν 4 προετελοῦντο δὲ ἐκφο ρίων πυροῦ ἐν θ έματι δημοσίῳ ἀνυπάρκτων ὁμοίως καὶ μ πρότερον Παυσανίου τοῦ καὶ Φιλοσαρ ά πιδ ος ἐκ τ οῦ Διονυσίου ἱππικοῦ κλ ήρου κ Ἐντείως. Πατᾶς Κολλούθ ου ὀφείλ ει ὑπὲρ ἐκφ ο ρίων καὶ φόρων τοῦ ἐνεστῶτ ος 1 ἔτους πρότερον Παυ σανίου τοῦ καὶ Φιλοσαράπιδ ος ἐ κ τ οῦ κολ λήματος 6 , ἀπὸ ἀρουρῶν 8 1/2 φακῷ καὶ χόρ τ ῳ ἀπὸ ἀρουρῶν 2 1/4 1/8 1/6 1/64 φακ ῷ χόρτῳ ἀρουρ γ ίνονται φακ ῷ καὶ χό ρτῳ ἄρουραι 3 1/4 , ἀβρόχ ου καὶ ἀσ π όρου κατὰ συμφωνίαν συνφωνίαν γενομ ένην τῷ διελ θόντι ἔτει πυροῦ"
p.ryl;2;239,1,Letter of Horion,Arsinoites,Mitte III,,0226,0275,250.0,250,no,8.5 αρταβασ,20 δραχμασ,8.5,20.0,2.3529411764705883,"Ὡρίων Εὐπόρῳ χαίρειν. ἔλεγέ μοι Κάστωρ ὅτι αρελθενου τὸ ἔμβλημα τοῦ κήπου, ἐὰν δὲ ε ρῆναι εἰς Σεντρεπαεὶ εὕρῃ τωλα πάντα ὑπερθέμενος παράλαβέ τε Κάστορα καὶ ποίησον ἐκ πανταχόθεν ἐν ταύ τῃ γενέσθαι εἰς τὸ μὴ ἀμεληθῆναι τὸν ποτισμὸνποτισμος τοῦ κήπου τῆς Σεντρεπαεί, καὶ ἐπίμεινονἐπιμινου τοῖς ἐκεῖ. δέξαι παρὰ τῆς μητρός μου ἐπὶ λόγου δραχμὰς κ, καὶ ἂνκἂν πάλιν χρῄζῃςχρῃζεις, δηλώσειςδηλώσις μοι, παρʼ ἕκαστα γὰρ τὰ κτήνη ἀνέρχεται. ἐὰν δέ τις ἀμέ λεια γένηται, οὐκ ἐμὲ οὖν μέμψειμέμψι ἀλλὰ σεαυτόν. πέμψον δὲ πάντως αὐτῶν τὸ σύμβολον ταδασεω πολλάκις Σερῆνος ητων ἐνέ δρευσεν ἡμᾶς. ὑπαγέτω Κάστωρ εἰς ΦιλαγρίδαΦιλαγριδαν ἐπιτηδὲς ἐπʼ αὐτὸν πρὸς αὐτὸν καὶ ἀπαιτησάτω πυροῦ ἀρτάβας η 𐅵. ἔρρωσο. Τῦβι ε. πανταχόθεν ἴδε αὐτῷ μικρὸν ὀναρίδιον.","Ὡρίων Εὐπόρῳ χαίρειν. ἔλεγέ μοι Κάστωρ ὅ τι α ρελ θενου τὸ ἔμβλημα τοῦ κή π ου, ἐ ὰν δὲ ε ρῆναι εἰς Σεντρεπαεὶ ε ὕ ρῃ τω λα πάντα ὑπερθέμενο ς παρά λαβ έ τ ε Κάσ το ρ α καὶ ποίησον ἐκ πανταχ όθεν ἐν ταύ τῃ γενέσθαι εἰς τὸ μὴ ἀ με λη θῆ ναι τὸν ποτισμὸν ποτισμος τοῦ κήπ ου τ ῆς Σεντρεπα εί, καὶ ἐπίμεινον ἐπιμινου τοῖς ἐκεῖ. δέξαι παρ ὰ τῆς μητρός μου ἐπὶ λ ό γου δραχμὰς 20 , καὶ ἂν κἂν π άλιν χρῄζῃς χρῃζεις , δηλώσεις δηλώσις μ οι, παρʼ ἕκαστα γὰρ τὰ κτήνη ἀνέρχε ται. ἐὰν δέ τις ἀμ έ λεια γένηται, οὐκ ἐ μ ὲ ο ὖ ν μέμψει μέμψι ἀλλ ὰ σεαυτόν. πέμψο ν δὲ πάντως αὐ τῶν τὸ σύμβολον τ αδασ εω πολλάκις Σερῆνο ς η των ἐ νέ δρευσεν ἡμᾶς. ὑπ α γ έ τω Κ άστ ωρ εἰς Φιλαγρίδα Φιλαγριδαν ἐπιτη δὲς ἐπʼ αὐτὸν πρὸς αὐτὸν καὶ ἀπαιτησ ά τω πυροῦ ἀρτάβας 8 1/2 . ἔρρω σο. Τῦβι 5 . πανταχόθεν ἴ δε αὐ τ ῷ μικρ ὸν ὀν αρίδιον."
cpr;35;27,1,Offre de prise à bail d'une terre municipale,"Hermopolis (Hermopolites, Ägypten)",26. Nov. 266,0266-11-26,,,266.0,250,no,15 αρταβων,28 δραχμασ,15.0,28.0,1.8666666666666667,"τῇ κρατίστῃ βουλῇ Ἑρμουπόλεως τῆς μεγάλης ἀρχαίας λαμπρᾶς καὶ σεμνοτάτης διὰ Αὐρηλίου Ἀλεξάνδρου τοῦ καὶ Κορελλίου εὐθηνιαρχήσαντος γυμνασιάρχου βουλευτοῦ ἐνάρχου πρυτά νεως παρὰ Αὐρηλίου Ἀράχθου Πειώνιος μητρὸς Τελύτιος ἀπὸ κώμης Θελβώνθεως· βούλο μαι ἑκουσίως μισθώσασθαι ἀπὸ πολιτικοῦ λόγου ἐπʼ ἔτη τέσσαρα ἀπὸ τοῦ ἐνεστῶτος ιδ ἔτους περὶ τὴν αὐτὴν Θελβῶνθιν ἐκ τοῦ Φιλοκράτους κλήρου ἀρούρας ἓξ εἰς σπορὰν πυροῦ καὶ χόρτου κατʼ ἔτος κατὰ τὸ ἥμισυ ἐκ φορίου καὶ φόρου ἀποτάκτου κατʼ ἔτος τῶν ὅλων πυροῦ ἀρταβῶν δεκαπέν τε καὶ ἀργυρίου δραχμῶν ἑξήκοντα καὶ ἐπιθέματος τῶν ὅλων δραχμὰς εἴκοσι ὀκτώ, ἅπερ ἐκφόρια καὶ φόρους ἀποδώσω μετρήσω ἐν τοῖςτῷ Παῦνι Ἐπεὶφ μησὶ κατʼ ἔτος, τὸ μὲν ἀργύριον δό κιμον τὸν δὲ πυρὸν εἰς τὸ δημόσιον, μίαν δοχικῷ ἀντὶ μιᾶς Ἀθηναίου οὗ καὶ μέτρησιν ἐποίσω καθαρὰν εἰς ὄνο μά σου, τῶν δημοσίων καὶ ἐπιμε ρισμῶν ὄντων πρὸς τὸν τῆς οὐσίας λόγον, καὶ ἐπερωτηθεὶς ὡμολόγησα· ἔτους ιδ Αὐτοκράτορος Καίσαρος Πουπλίου Λικιννίου Γαλλιηνοῦ Γερμανικοῦ Μεγίστου Περσικοῦ Μεγίστου Εὐσεβοῦς Εὐτυχοῦς Σεβαστοῦ Ἁθὺρ λ","τῇ κρ ατίστῃ βουλῇ Ἑρμουπόλ εως τῆς μεγάλης ἀρχαίας λαμπρᾶς καὶ σεμνοτάτ ης δ ιὰ Αὐρηλ ίου Ἀλεξάνδρου τοῦ καὶ Κορελλίου εὐθηνι α ρ χ ήσαντος γυ μνασιάρχου βουλ ευτοῦ ἐνάρχ ου πρ υτ ά νεως παρὰ Αὐρηλ ίου Ἀράχθου Πειώνιος μ ητρὸς Τ ελύτιος ἀπὸ κώμης Θελβώνθεως· βούλο μαι ἑκουσίως μισθώσασθαι ἀπὸ πολ ιτικοῦ λόγ ου ἐπʼ ἔτη 4 ἀπὸ τοῦ ἐνεστῶ τος 14 ἔτους περὶ τὴν αὐτὴν Θελβῶνθιν ἐκ το ῦ Φιλοκράτους κλ ήρου ἀρούρας 6 εἰς σπορὰν πυροῦ καὶ χόρτ ου κατʼ ἔτος κατὰ τὸ 1/2 ἐκ φορί ου καὶ φόρου ἀποτάκτου κατʼ ἔτος τῶν ὅλων πυροῦ ἀρταβῶν 15 καὶ ἀργ υρίου δρ α χμῶν 60 καὶ ἐπιθέματος τῶν ὅλων δραχμὰς 28 , ἅπερ ἐκφόρι α καὶ φό ρ ους ἀ ποδώσω μετρήσω ἐν τοῖς τῷ Παῦ νι Ἐ π εὶφ μη σὶ κα τʼ ἔτος, τὸ μὲν ἀργ ύριον δό κ ι μον τ ὸ ν δὲ πυρὸν ε ἰ ς τὸ δη μόσιον , 1 δο χικῷ ἀντὶ 1 Ἀθηναίου οὗ καὶ μέ τ ρ ησιν ἐποίσω καθαρὰν εἰς ὄνο μά σου, τῶν δ ημοσ ίων καὶ ἐπιμε ρισμῶ ν ὄντ ων π ρὸς τὸν τῆς οὐσί ας λόγο ν , κ α ὶ ἐπ ερω τηθ εὶς ὡ μολ όγησα · ἔτους 14 Αὐτοκράτορος Καίσαρ ος Πουπλίο υ Λικιννίου Γαλλιη νοῦ Γερμα νικοῦ Μεγίστο υ Περσικοῦ Μ εγίστου Εὐσεβοῦς Εὐ τυχο ῦς Σε βαστ οῦ Ἁθὺρ 30"
o.mich;1;157,1,keiner,Karanis (Arsinoites),Juli - 28. Aug. 276,,0276-07,0276-08-28,276.0,275,yes,2 αρταβασ,2 δραχμασ,2.0,2.0,1.0,ἔτους α τοῦ κυρίου ἡμῶν Πρόβου Σεβαστοῦ Αὐρήλιος Εὐδαίμων διʼ ἐμοῦ Διοδώρου εν γενήματος τῆς ἀριθμήσεωςτοῦτης ε η ἔτους Αὐρηλιανοῦ ἐν θησαυρῷ κώμης Καρανίδος ὀνόματος Σαραπίονος ὑπὲρ τιμῆς πυροῦοἴνου ἀρταβῶνἀρτάβας β δραχμὰς υ𐅵 δ διʼ ἐμοῦ ΣύρουΔιοδώρου.,ἔτους 1 τοῦ κυρίου ἡμῶν Πρόβου Σεβαστοῦ Αὐρήλ ιος Εὐδαίμων διʼ ἐμοῦ Διοδώρου ε ν γενή ματος τῆς ἀρι θμήσεως τοῦ της 5 8 ἔτους Αὐρηλιαν ο ῦ ἐν θη σαυρῷ κώ μης Καρανί δος ὀνόμα τος Σαραπ ίον ος ὑ πὲρ τιμῆς πυροῦ οἴνου ἀρταβῶν ἀρτάβας 2 δραχμὰς υ 1/2 1/4 διʼ ἐ μοῦ Σύρου Δ ιο δ ώ ρου .
bgu;4;1090,2,keiner,Hermopolites,31. März 286,0286-03-31,,,286.0,275,yes,20 αρταβαι,368 δραχμαι,20.0,368.0,18.4,χωρὶς ὀβολ μεμέτρηκεν ἐφʼ ἁλώνων Σενοάβεως δεκαπρώτοις Λευκοπυργείτου Ἄνω ἐπὶ τῆς κϛ Μεσορὴ γενήματος πέμπτου ε ἔτους τοῦ κυρίου ἡμῶν Πρόβου Σεβαστοῦ Ἑρμῖνος Δαμοστράτου δ ἔτους ε ἔτους διʼ Αὐρηλίου Σιλβανοῦ αἱ διʼ ἑαυτοῦ πυροῦ δοχικῷ ἀρτάβαι εἴκοσι ἕκτον γίνονται πυροῦ ἀρτάβαι κ ϛ δοχικῷ. ἔτους β τοῦ κυρίου ἡμῶν Γαΐου Αὐρηλίου Οὐαλερίου Διοκλητιανοῦ καὶ ἔτους α Μάρκου Αὐρηλίου Οὐαλερίου Μαξιμιανοῦ Σεβαστῶν Φαρμοῦθι ε Σενοάβεως τιμῆς πυροῦ διοικήσεως γενήματος ε ἔτους Πρόβου Ἑρμῖνος Δαμοστράτου καινοῦ νομίσματος δραχμὰς τριακοσίας ἑξήκοντα ὀκτὼ γίνονται δραχμαὶ τξη,χωρὶς ὀβ ο λ μεμέτ ρηκεν ἐφʼ ἁλώνων Σενοάβεως δεκαπρώτ οις Λε υ κοπ υργείτου Ἄνω ἐπὶ τῆς 26 Μεσορὴ γενήματ ος πέ μπ του 5 ἔτους τοῦ κυρίου ἡμῶν Πρόβου Σ εβασ τοῦ Ἑρμῖνος Δαμοστράτου 4 ἔτους 5 ἔτους διʼ Αὐρ ηλίου Σιλβανοῦ αἱ διʼ ἑαυτοῦ πυροῦ δοχ ικῷ ἀρτάβαι εἴκο σι ἕκτον γ ίνονται πυροῦ ἀρτάβαι 20 1/6 δ οχ ικῷ . ἔτους 2 τ οῦ κυρίου ἡμῶν Γα ΐ ου Αὐρηλίου Οὐαλερίου Δ ιοκλητι ανοῦ καὶ ἔτους 1 Μάρκου Αὐρηλίου Οὐαλερίου Μαξιμ ιανοῦ Σεβαστῶν Φαρμοῦθι 5 Σενοάβεως τ ι μ ῆς πυροῦ διοικ ήσεως γενή ματος 5 ἔτους Πρόβου Ἑρμῖνος Δα μοσ τράτου καινοῦ νο μίσματος δραχμὰς τριακοσίας ἑξήκοντα ὀκτὼ γ ίνονται δραχμαὶ 368
